order_id,email,address_id,total_amount,date_of_order,date_of_service,status_of_order
0,dbeckendt@fema.gov,2,15.99,8/1/2023,11/8/2023,delivered
1,rvize8a@soundcloud.com,2,65.96,12/19/2022,,ordered
2,dpavlovsky7y@gravatar.com,0,864.44,9/3/2022,,ordered
3,kposner22@msn.com,1,535,5/24/2022,,cancelled
4,sacres5d@google.nl,3,211.96,1/19/2023,,ordered
5,nnovacek5a@hibu.com,2,363.6,8/10/2022,,ordered
6,hkrolak3q@vk.com,0,69.14,11/1/2023,,ordered
7,ykaveney59@soup.io,1,0,7/13/2022,,ordered
8,pussher4v@washington.edu,1,117.9,7/1/2023,,ordered
9,ykillbeyj1@auda.org.au,0,156.2,8/23/2022,12/12/2022,delivered
10,igarlicke5l@sun.com,1,539.85,4/6/2023,8/19/2023,delivered
11,bjemmisonp@apache.org,0,348.69,1/7/2022,,ordered
12,epapaeb@archive.org,0,124.22,1/1/2023,,cancelled
13,cfossitt3x@weebly.com,2,560,1/16/2022,,cancelled
14,callewellig@rambler.ru,0,59.95,9/12/2022,,cancelled
15,lfyldes46@phoca.cz,1,362.37,1/1/2022,,ordered
16,adobrovolnyo4@linkedin.com,2,1037.17,3/25/2022,11/2/2023,delivered
17,mwoollard6g@bbc.co.uk,0,1199.97,6/22/2023,,cancelled
18,htittletross2w@craigslist.org,0,684.93,4/8/2022,,ordered
19,tsantora8u@theguardian.com,3,30,11/3/2022,11/23/2022,delivered
20,malliotnp@eepurl.com,0,509.71,10/25/2022,,cancelled
21,gparfitty@ehow.com,0,234.81,4/3/2022,,ordered
22,gdigiacomettinon@nps.gov,0,53.94,7/3/2023,,ordered
23,bculpencd@timesonline.co.uk,1,218.43,12/13/2023,2/24/2024,delivered
24,nnovacek5a@hibu.com,1,55.5,11/17/2023,,cancelled
25,wpotkin8@dot.gov,0,184.7,12/2/2023,,ordered
26,mbenedtti80@google.cn,1,703.27,11/24/2023,,ordered
27,ihuffadine9d@chicagotribune.com,2,90,12/8/2022,,cancelled
28,kposner22@msn.com,2,1286.61,12/18/2023,,cancelled
29,kjarleyjm@thetimes.co.uk,2,599.99,10/10/2022,11/16/2022,delivered
30,vlegalle8v@chicagotribune.com,2,35.28,10/15/2022,,cancelled
31,ccourtino7@google.it,2,63.45,1/1/2023,,ordered
32,nohernr1@posterous.com,0,162.49,7/23/2022,12/3/2023,delivered
33,amurrayad@rediff.com,2,642.92,4/20/2022,10/1/2023,delivered
34,dletthv@ed.gov,1,2160.51,7/4/2022,9/24/2022,delivered
35,boxer4r@ow.ly,1,189.96,11/19/2022,,cancelled
36,kjarleyjm@thetimes.co.uk,1,31.98,7/22/2022,,cancelled
37,hwagenengk@mysql.com,1,1975.93,11/19/2022,,cancelled
38,tmccullyb3@who.int,1,65.94,6/4/2023,,cancelled
39,paidler3@theguardian.com,0,1216.52,11/17/2022,,ordered
40,kbarwell5z@sakura.ne.jp,3,436.92,9/16/2022,,cancelled
41,lhattam36@miitbeian.gov.cn,2,0,12/23/2022,4/29/2023,delivered
42,ccrathornee6@sciencedirect.com,2,93.72,6/3/2023,,cancelled
43,fgrigorld@comcast.net,1,49.98,8/20/2022,,ordered
44,rfoyster4t@t-online.de,0,7213.69,1/15/2023,,ordered
45,dosullivanem@discuz.net,1,60.95,8/4/2023,,cancelled
46,kkubackieo@microsoft.com,1,191.47,11/22/2023,12/6/2023,delivered
47,eschruurnd@wikipedia.org,1,72.51,11/17/2022,,ordered
48,llittlefair2j@g.co,2,95.24,12/5/2022,2/21/2024,delivered
49,lwacklyhq@weibo.com,3,366.49,10/1/2022,,ordered
50,kkubackieo@microsoft.com,3,23.96,9/10/2023,,ordered
51,ipregelkw@delicious.com,1,67.96,5/21/2023,,ordered
52,gsimionatorr@oracle.com,0,444.93,1/11/2022,7/1/2023,delivered
53,cbisseker8p@blinklist.com,1,55.96,9/17/2022,10/21/2023,delivered
54,mkoppell7@forbes.com,0,126.94,10/17/2022,6/15/2023,delivered
55,tkighly1v@e-recht24.de,2,659.91,10/6/2022,,ordered
56,ptorrentpf@quantcast.com,0,15.99,3/4/2023,6/2/2023,delivered
57,rlandypt@xing.com,0,64.05,9/9/2023,1/12/2024,delivered
58,kcrowley8y@mayoclinic.com,2,92,11/15/2022,,ordered
59,rkerrey95@wikispaces.com,0,93.95,3/8/2023,8/6/2023,delivered
60,gtuplingi8@discuz.net,3,121.92,11/3/2023,,cancelled
61,kbumpass4d@istockphoto.com,3,614.94,3/15/2023,,cancelled
62,sserganton@ameblo.jp,2,53.97,3/23/2023,8/3/2023,delivered
63,crallsff@ifeng.com,0,72.43,6/12/2023,1/1/2024,delivered
64,afurley21@pbs.org,0,294.75,12/22/2022,,cancelled
65,dsarfasl6@latimes.com,0,363.6,8/3/2023,,cancelled
66,gtuplingi8@discuz.net,3,90.41,6/10/2022,,ordered
67,jvanstoneh7@xing.com,3,93.72,4/13/2022,,cancelled
68,ddaudg6@marriott.com,0,53.45,2/11/2022,,cancelled
69,yweighell5s@gizmodo.com,0,82.45,3/4/2023,,ordered
70,zcadiganh8@sitemeter.com,0,119.97,3/7/2023,4/8/2023,delivered
71,mtravisbu@wikipedia.org,0,1127.54,11/18/2023,,cancelled
72,telam6n@pcworld.com,1,0,6/16/2023,,ordered
73,tkighly1v@e-recht24.de,0,231.96,12/20/2023,,ordered
74,kposner22@msn.com,1,0,11/7/2023,,ordered
75,bibbesonpe@fda.gov,0,731.95,6/11/2022,,ordered
76,kbassingden9@weather.com,3,35.96,7/2/2023,10/4/2023,delivered
77,dmousdallra@cnn.com,1,41.97,7/13/2022,,ordered
78,jpauliche7@123-reg.co.uk,0,333.91,7/24/2023,9/30/2023,delivered
79,fmarshlandmj@nyu.edu,1,928.61,10/3/2023,,ordered
80,sgravestonemm@bbc.co.uk,0,0,1/7/2023,2/11/2024,delivered
81,bbush8b@ebay.com,2,126.98,3/19/2023,,cancelled
82,mwilliam4b@scientificamerican.com,0,15.99,5/19/2023,,ordered
83,svequaud3f@aboutads.info,0,16.26,10/26/2022,,cancelled
84,tsantora8u@theguardian.com,3,49.75,4/13/2022,,cancelled
85,kpear67@tumblr.com,1,519.98,2/15/2022,8/24/2023,delivered
86,tshopcottkm@over-blog.com,0,92.7,4/28/2023,,ordered
87,kcrowley8y@mayoclinic.com,2,84.95,8/13/2022,,cancelled
88,jkail2q@blogtalkradio.com,0,809.97,6/14/2023,8/3/2023,delivered
89,rwollacottaz@aboutads.info,0,63.96,2/24/2023,3/26/2023,delivered
90,tyoell53@soundcloud.com,1,27.98,5/21/2022,,cancelled
91,mcammiemileih@unc.edu,1,382.93,1/14/2022,,ordered
92,wadlemkb@mapquest.com,1,17.98,9/27/2022,,cancelled
93,mdyble70@ow.ly,3,696.1,12/3/2022,3/19/2023,delivered
94,lmarcus5w@ox.ac.uk,3,671.91,11/20/2022,,cancelled
95,nrallinjc@issuu.com,2,378.76,3/28/2022,,cancelled
96,jtarbard6h@earthlink.net,0,124.95,3/14/2022,4/27/2023,delivered
97,rcopingj2@canalblog.com,0,30.36,4/6/2022,,cancelled
98,cwilcherpm@ox.ac.uk,0,94.95,9/7/2022,,cancelled
99,wdriutti4p@ebay.com,1,236.15,5/10/2022,5/22/2022,delivered
100,aeddiesfu@house.gov,1,67.96,2/15/2023,,ordered
101,hwellum5t@biblegateway.com,3,31.98,9/14/2022,2/4/2023,delivered
102,igarlicke5l@sun.com,2,0,4/26/2022,,cancelled
103,lmoniker8h@ucoz.com,1,44.95,1/20/2022,,cancelled
104,ldrancekg@cbslocal.com,2,72,3/3/2022,,cancelled
105,tkighly1v@e-recht24.de,2,243.96,4/19/2022,1/6/2024,delivered
106,aspellworth6b@godaddy.com,0,493.81,2/15/2022,11/14/2023,delivered
107,rkerkhamg9@independent.co.uk,2,655.95,6/22/2023,6/26/2023,delivered
108,epirdy6y@paginegialle.it,2,50.96,7/18/2022,,ordered
109,pandrassygq@bbb.org,0,82.77,5/12/2022,,cancelled
110,kbassingden9@weather.com,1,394.97,9/2/2023,12/28/2023,delivered
111,koffin11@arizona.edu,0,131.98,2/10/2023,,ordered
112,gmcpheebr@mapy.cz,0,118.96,6/3/2022,,ordered
113,gfrostkh@live.com,1,98.42,9/18/2022,,ordered
114,rmesiask4@icq.com,0,71.96,10/25/2023,,ordered
115,bbroxholmens@blogtalkradio.com,3,95.92,1/12/2023,8/16/2023,delivered
116,smarriageei@sitemeter.com,2,1934.76,2/24/2022,,cancelled
117,lboribalrk@cnn.com,3,27.98,9/16/2022,2/20/2023,delivered
118,jflewettmp@nytimes.com,3,110.48,10/12/2023,,cancelled
119,kcantuafy@omniture.com,2,223.36,4/7/2023,,cancelled
120,uosgarr7@ca.gov,1,296.95,2/11/2022,,ordered
121,htittletross2w@craigslist.org,3,109.45,8/19/2022,,ordered
122,mzecchii5c@ucoz.com,0,52.76,2/5/2023,9/22/2023,delivered
123,jhighnam9e@meetup.com,1,1199.98,8/8/2022,,ordered
124,burlichpo@example.com,0,57.87,11/23/2023,,cancelled
125,mwoollard6g@bbc.co.uk,2,199.94,11/10/2022,12/30/2022,delivered
126,rliebermann3d@fastcompany.com,1,50.76,7/3/2022,,cancelled
127,ahusthwaite1z@hc360.com,0,69.95,4/15/2023,,ordered
128,tlongden6@washington.edu,2,10.99,4/10/2022,5/28/2023,delivered
129,csilcocks48@google.com.hk,0,238.49,4/12/2022,,cancelled
130,cspoorsd2@independent.co.uk,2,84.51,12/17/2023,,ordered
131,edugancn@canalblog.com,2,96.95,6/12/2023,,cancelled
132,ejerche42@tinyurl.com,0,2100,8/11/2022,,ordered
133,nlait8x@163.com,0,530.96,12/20/2022,6/15/2023,delivered
134,tpressman6l@marriott.com,0,20.38,9/1/2023,,cancelled
135,ccaretoy@nsw.gov.au,2,504.99,8/13/2022,,cancelled
136,dbeckendt@fema.gov,3,2167.27,12/22/2023,,cancelled
137,jbutterfield83@youtube.com,0,269.98,9/1/2022,,cancelled
138,burlichpo@example.com,0,768.26,12/25/2022,,cancelled
139,pspaunton1o@constantcontact.com,1,5.39,2/15/2023,8/29/2023,delivered
140,gkewishke@flickr.com,0,12.49,8/23/2023,2/5/2024,delivered
141,wslixbyo8@jiathis.com,2,528.53,11/13/2022,7/31/2023,delivered
142,rvanettiom@cnet.com,0,33.57,3/16/2023,,cancelled
143,hwickens23@trellian.com,1,0,7/19/2023,,ordered
144,escamel1b@sun.com,1,975.45,7/25/2022,11/8/2023,delivered
145,wslaterhw@cornell.edu,1,558.27,9/5/2023,,cancelled
146,tfinnan8s@upenn.edu,0,136.89,2/17/2022,11/1/2023,delivered
147,bsandys6j@cdbaby.com,1,953.96,4/17/2023,7/20/2023,delivered
148,ahirthe93@loc.gov,1,109.41,8/20/2023,2/6/2024,delivered
149,cbolverbz@amazonaws.com,1,494.21,9/25/2022,,ordered
150,tdeason9v@tinyurl.com,0,29.74,11/17/2023,2/19/2024,delivered
151,tdeason9v@tinyurl.com,0,55.96,8/27/2023,,ordered
152,rstephen5@scientificamerican.com,0,93.72,12/12/2022,,ordered
153,cohanveyqg@istockphoto.com,0,69.98,6/25/2023,,cancelled
154,hwellum5t@biblegateway.com,0,500.89,12/20/2023,,cancelled
155,sbozwardgm@altervista.org,2,289.17,6/13/2022,,cancelled
156,fmacanelleyfx@fotki.com,0,2153.98,6/28/2023,10/18/2023,delivered
157,jwilacotp5@wikia.com,1,487.96,5/2/2023,,cancelled
158,gmurriganlj@mapquest.com,0,27.98,2/14/2022,10/23/2023,delivered
159,eformav@theglobeandmail.com,3,1635.92,2/2/2023,2/22/2023,delivered
160,kdivesnn@paginegialle.it,1,131.2,1/23/2022,,cancelled
161,aanthonymc@shutterfly.com,2,851.93,1/22/2023,2/22/2024,delivered
162,bmaxwellp3@japanpost.jp,0,164.42,2/22/2023,3/11/2023,delivered
163,hrouxfb@altervista.org,1,249.19,2/24/2023,,ordered
164,smaccarterf3@mediafire.com,2,248.07,12/20/2023,12/28/2023,delivered
165,mhyamsfn@hostgator.com,0,89.95,9/25/2022,,ordered
166,bjemmisonp@apache.org,0,263.95,1/3/2022,,cancelled
167,kcongreave4x@pbs.org,0,0,3/17/2022,11/22/2023,delivered
168,bmccaghanbq@independent.co.uk,0,97.28,5/1/2023,,ordered
169,pcossingtonok@state.tx.us,0,0,4/1/2023,,cancelled
170,kburgum2t@paginegialle.it,3,107.33,10/18/2022,,cancelled
171,ghummerston6r@hibu.com,0,69.95,1/17/2022,,cancelled
172,tyoell53@soundcloud.com,0,1361.71,4/15/2023,,cancelled
173,smoonf4@independent.co.uk,1,44.94,6/12/2023,,ordered
174,tpettkom7@feedburner.com,2,422.44,8/24/2023,11/18/2023,delivered
175,acoursf7@cbslocal.com,1,79.99,5/22/2022,2/6/2024,delivered
176,anorthidgeq4@yellowpages.com,2,1938.65,5/21/2022,,ordered
177,bculpencd@timesonline.co.uk,1,226.28,10/11/2023,12/11/2023,delivered
178,tmcquadeeq@senate.gov,2,117.29,1/24/2023,,ordered
179,cmackrillou@webs.com,1,85.68,7/21/2022,8/28/2023,delivered
180,sbozwardgm@altervista.org,0,621.95,1/13/2022,,ordered
181,kbarwell5z@sakura.ne.jp,2,151.94,11/19/2022,,cancelled
182,jtarbard6h@earthlink.net,3,1435.47,10/14/2022,,ordered
183,apostinql@myspace.com,2,735.59,10/8/2022,1/11/2024,delivered
184,rmesiask4@icq.com,1,160.71,4/20/2022,9/30/2023,delivered
185,koffin11@arizona.edu,3,415.48,4/2/2023,,cancelled
186,mfusedaledj@live.com,1,17.98,11/22/2023,,ordered
187,rwrightimpd@behance.net,1,211.84,4/25/2022,6/4/2023,delivered
188,jfluckerg0@squidoo.com,2,16.99,10/20/2022,,ordered
189,jtuckwell1j@hatena.ne.jp,3,430.7,4/25/2023,,cancelled
190,koffin11@arizona.edu,3,668.4,9/28/2023,,cancelled
191,psambrok2v@mayoclinic.com,1,399.9,8/24/2023,,cancelled
192,avannuccininm@ycombinator.com,0,1293.34,6/26/2023,,ordered
193,rwadgeaa@tumblr.com,1,0,4/3/2023,,cancelled
194,vrewbottomqx@umn.edu,0,1096.52,10/11/2023,,cancelled
195,psermine3@myspace.com,0,517.65,1/20/2023,,cancelled
196,ieronieae@tinyurl.com,1,20,4/11/2022,,cancelled
197,rgioanihe@cdc.gov,0,162.69,7/22/2022,,ordered
198,cluesleym9@hexun.com,0,13.19,8/3/2023,,ordered
199,cblasing9h@feedburner.com,1,0,7/4/2022,11/29/2023,delivered
200,mcammiemileih@unc.edu,0,57.96,10/21/2022,,ordered
201,bkeniwellif@surveymonkey.com,0,452.8,7/25/2023,,ordered
202,hgilhoolyrq@behance.net,2,341.97,11/14/2022,,cancelled
203,dmousdallra@cnn.com,0,13.78,9/10/2022,10/9/2023,delivered
204,candrejevic64@npr.org,0,64.95,11/27/2022,,cancelled
205,kkubackieo@microsoft.com,0,65.95,11/16/2022,11/30/2023,delivered
206,atame9i@umich.edu,0,17,4/10/2022,,cancelled
207,trotge3p@sun.com,1,408.89,5/12/2023,,cancelled
208,cfossitt3x@weebly.com,3,733.59,5/10/2023,6/3/2023,delivered
209,dtrahmelmf@fotki.com,1,23.52,4/11/2023,,ordered
210,mfranckee0@cocolog-nifty.com,2,759.07,11/19/2023,,cancelled
211,espendered@qq.com,0,222.68,2/27/2023,,ordered
212,fsalwayja@bloomberg.com,2,83.94,8/20/2022,,cancelled
213,sfreda37@arstechnica.com,1,51.95,6/25/2022,,cancelled
214,dcobellocz@miitbeian.gov.cn,3,17.98,7/8/2022,,cancelled
215,ipregelkw@delicious.com,1,98.93,11/27/2022,,cancelled
216,ebruntd1@etsy.com,3,1423.92,3/22/2023,,ordered
217,telam6n@pcworld.com,0,121.98,7/10/2022,,cancelled
218,afurley21@pbs.org,0,603.97,2/16/2023,12/7/2023,delivered
219,jflewettmp@nytimes.com,2,63.96,7/4/2023,,cancelled
220,nbeldham4f@narod.ru,1,1237.96,2/16/2023,,ordered
221,lrenac44@vimeo.com,2,290.88,4/20/2023,,ordered
222,voxtoby50@ustream.tv,2,0,4/20/2023,8/12/2023,delivered
223,vcadle3y@com.com,2,97.51,11/12/2023,,ordered
224,majsik3k@nba.com,0,95.94,7/13/2023,11/26/2023,delivered
225,csamsino9@state.gov,3,119.19,2/24/2022,,ordered
226,rgolbourn4c@newsvine.com,1,596.82,11/23/2023,,ordered
227,mhughlin2a@forbes.com,2,26.98,12/8/2022,,ordered
228,cdefilippisas@mapy.cz,1,719.97,5/3/2022,1/23/2024,delivered
229,dwaytej0@state.tx.us,2,1918.49,5/25/2023,11/3/2023,delivered
230,gperrengz@cam.ac.uk,0,66.99,10/11/2023,,cancelled
231,psedworthey@cornell.edu,1,79.26,11/20/2022,,ordered
232,lschoolcroft27@free.fr,0,959.96,4/27/2022,,cancelled
233,nhudeln7@cnbc.com,0,1016.36,2/28/2023,,ordered
234,jchiccoak@bandcamp.com,1,1926.19,5/4/2023,6/10/2023,delivered
235,nohernr1@posterous.com,0,36,4/19/2022,,ordered
236,jhighnam9e@meetup.com,1,143.71,6/27/2022,11/4/2023,delivered
237,tfinnan8s@upenn.edu,2,399.98,7/10/2022,8/25/2023,delivered
238,glarcherjz@t-online.de,0,24.32,4/1/2022,,cancelled
239,wpeiserky@mysql.com,0,250.91,2/25/2023,12/21/2023,delivered
240,bwhatesep@google.it,1,249.95,5/5/2023,,cancelled
241,jvedstraac@acquirethisname.com,0,290.88,8/5/2022,2/13/2024,delivered
242,ieronieae@tinyurl.com,1,172.87,9/12/2023,,cancelled
243,epanks4w@discovery.com,2,365.93,4/16/2022,,cancelled
244,hpargetterhg@dyndns.org,0,50.58,7/24/2022,7/18/2023,delivered
245,cdevenny2f@instagram.com,1,19.95,2/5/2023,,ordered
246,kbassingden9@weather.com,0,395.95,5/5/2022,7/26/2023,delivered
247,kcantuafy@omniture.com,0,57.24,4/20/2022,7/23/2023,delivered
248,criggd6@miibeian.gov.cn,0,206.96,4/21/2022,,cancelled
249,ldrancekg@cbslocal.com,0,249.95,7/2/2023,1/25/2024,delivered
250,dbentzen8d@ed.gov,0,31.98,3/18/2023,9/21/2023,delivered
251,jfluckerg0@squidoo.com,1,83.05,4/4/2022,,ordered
252,nlait8x@163.com,0,236.98,2/15/2023,,ordered
253,gbreakwelln2@123-reg.co.uk,3,62.48,12/27/2022,,ordered
254,akeninghamdi@go.com,1,0,11/2/2022,,ordered
255,ltrattonkp@arizona.edu,0,481.85,4/12/2023,5/3/2023,delivered
256,akachellerhy@zdnet.com,2,27.56,12/24/2022,,cancelled
257,gkewishke@flickr.com,0,3792.48,2/12/2022,,cancelled
258,tkennerleyqj@4shared.com,1,23.98,3/1/2022,,cancelled
259,fmansourrn@mail.ru,2,89.94,2/15/2022,10/20/2023,delivered
260,jmolineauxf2@1688.com,1,607.97,3/8/2022,,ordered
261,dtweddellcr@simplemachines.org,3,20.97,5/22/2022,,ordered
262,csamsino9@state.gov,0,428.19,7/1/2022,,cancelled
263,bmaxwellp3@japanpost.jp,1,59.95,1/8/2023,,ordered
264,esamberjp@loc.gov,0,409.9,3/3/2023,12/27/2023,delivered
265,jmacdowalik@blogger.com,2,712.88,1/15/2023,,ordered
266,vgreenheadfe@miibeian.gov.cn,2,2084.98,2/5/2022,5/17/2023,delivered
267,sacres5d@google.nl,1,118.99,7/28/2022,,cancelled
268,gbeverstocki2@xinhuanet.com,0,145.2,12/21/2023,,cancelled
269,kcrowley8y@mayoclinic.com,0,68,3/3/2023,8/23/2023,delivered
270,grushmereji@cbc.ca,2,79.95,5/5/2022,,cancelled
271,jvedstraac@acquirethisname.com,0,1192.45,2/11/2023,,ordered
272,kjarleyjm@thetimes.co.uk,2,609.26,10/25/2022,,ordered
273,omoults@sbwire.com,3,865.36,8/11/2023,1/12/2024,delivered
274,dchattockp8@opera.com,0,155.94,8/26/2022,,cancelled
275,hdybaldoa@trellian.com,2,4859.36,2/14/2023,5/12/2023,delivered
276,aanthonymc@shutterfly.com,1,150.72,1/27/2022,5/27/2023,delivered
277,kcantuafy@omniture.com,3,79.97,1/24/2022,,ordered
278,ateal1y@webs.com,0,304.95,8/20/2022,,ordered
279,byudb@php.net,0,265.48,7/22/2023,,cancelled
280,vbarrowcliffkc@angelfire.com,1,115.91,9/23/2022,,ordered
281,tlongstreet5o@4shared.com,0,0,12/28/2023,,cancelled
282,tdepietrial@bloglines.com,2,59.26,2/24/2022,1/6/2024,delivered
283,smoonf4@independent.co.uk,3,650.35,7/22/2023,,cancelled
284,aspellworth6b@godaddy.com,1,0,6/4/2023,9/4/2023,delivered
285,ndownsko@typepad.com,0,74.76,3/10/2023,12/30/2023,delivered
286,mhugnet8q@goodreads.com,2,0,7/18/2022,,cancelled
287,bgwyer39@merriam-webster.com,1,294.75,4/19/2023,,cancelled
288,kposner22@msn.com,0,33.98,12/24/2023,12/29/2023,delivered
289,fsalwayja@bloomberg.com,1,21.98,11/26/2022,7/10/2023,delivered
290,ndownsko@typepad.com,0,918.77,10/20/2022,,ordered
291,avannuccininm@ycombinator.com,3,154.48,9/25/2022,,ordered
292,lbuzzingfc@ezinearticles.com,0,860.96,7/15/2022,,cancelled
293,jgedge4y@multiply.com,1,112.23,7/25/2023,,cancelled
294,jmecozzibi@yelp.com,0,62.48,10/2/2023,,ordered
295,catlayhx@imdb.com,0,67.96,5/8/2022,6/29/2023,delivered
296,tthackhamqm@flickr.com,1,254.95,8/9/2022,,cancelled
297,sserganton@ameblo.jp,2,56.97,12/24/2023,2/14/2024,delivered
298,wpedrocco6c@forbes.com,0,139.75,3/28/2022,11/3/2023,delivered
299,psermine3@myspace.com,0,1414.59,8/5/2022,9/12/2023,delivered
300,kwagenl0@loc.gov,1,2382.93,4/18/2023,9/25/2023,delivered
301,ccaretoy@nsw.gov.au,2,63.96,2/24/2023,4/4/2023,delivered
302,lmarcus5w@ox.ac.uk,0,387.04,4/13/2022,,ordered
303,cadicotri@va.gov,0,40.49,2/2/2023,12/28/2023,delivered
304,bgatlandhl@printfriendly.com,0,103.9,3/7/2022,,cancelled
305,hsokellrg@ibm.com,0,1196.39,1/7/2022,,ordered
306,emarchington7m@themeforest.net,0,147.36,3/20/2023,,ordered
307,ahaithm6@sogou.com,2,26.97,8/21/2022,,cancelled
308,mwoollard6g@bbc.co.uk,0,79.95,8/17/2023,,cancelled
309,ghaggart8i@networkadvertising.org,0,436.42,12/22/2023,,ordered
310,ababbidgeaf@dailymotion.com,2,255.92,2/3/2022,,cancelled
311,tbalassa8n@a8.net,2,401.74,7/28/2022,,cancelled
312,khastylc@go.com,2,83.97,12/7/2022,,cancelled
313,lhughsi6@harvard.edu,2,39.38,10/22/2023,2/7/2024,delivered
314,ljacke7a@harvard.edu,0,17.98,7/28/2023,,ordered
315,gegiloffoi@va.gov,1,77.24,11/14/2022,,ordered
316,gwarby88@telegraph.co.uk,0,239,1/21/2023,,cancelled
317,ltomasellim2@chicagotribune.com,3,2252.89,9/27/2023,,cancelled
318,ghaggart8i@networkadvertising.org,2,184.41,8/3/2022,,ordered
319,jmacdowalik@blogger.com,1,26.24,3/13/2023,7/21/2023,delivered
320,tdeason9v@tinyurl.com,2,68.45,11/28/2023,,ordered
321,tlongstreet5o@4shared.com,3,936.45,3/7/2022,,cancelled
322,rlandypt@xing.com,0,105.21,10/28/2023,,cancelled
323,uheberdena8@addtoany.com,0,1164.94,9/3/2022,5/30/2023,delivered
324,edugancn@canalblog.com,2,3251.86,4/27/2023,,ordered
325,mshone8c@sohu.com,1,933.93,6/8/2022,,cancelled
326,ovassieog@mozilla.com,3,323.88,4/24/2022,6/5/2023,delivered
327,hwittletongy@ezinearticles.com,2,0,2/24/2022,10/9/2023,delivered
328,wbenardette8r@wikispaces.com,3,25.38,5/8/2022,12/28/2023,delivered
329,rtredget3c@sun.com,0,11.76,7/25/2023,11/23/2023,delivered
330,gbraybrookskf@globo.com,1,390.92,12/2/2022,,ordered
331,cubsdellmk@myspace.com,1,110.78,12/26/2022,,cancelled
332,aspellworth6b@godaddy.com,1,0,10/11/2022,1/5/2024,delivered
333,hsokellrg@ibm.com,2,30,8/2/2022,,ordered
334,gsutcliffmn@quantcast.com,1,69,2/25/2022,,cancelled
335,cgerishr3@wp.com,1,0,12/7/2022,2/1/2023,delivered
336,nhudeln7@cnbc.com,1,79.32,9/12/2023,,ordered
337,hheckle73@bandcamp.com,0,165.91,4/19/2022,6/20/2023,delivered
338,criggd6@miibeian.gov.cn,1,647.96,4/2/2022,,cancelled
339,bdechastelaindl@psu.edu,0,14.2,6/7/2022,,cancelled
340,hsokellrg@ibm.com,0,59.95,3/28/2023,,cancelled
341,cgowmana7@bbb.org,1,1465.46,5/24/2023,,ordered
342,dguillouxp2@dyndns.org,2,5133.87,1/27/2023,,cancelled
343,efrarey7p@canalblog.com,0,119.97,6/11/2023,,ordered
344,sacres5d@google.nl,1,715.47,3/21/2022,,cancelled
345,aaberkirder56@uiuc.edu,1,26.24,8/24/2023,9/10/2023,delivered
346,aantoszczykqh@thetimes.co.uk,1,339.47,1/7/2022,7/16/2023,delivered
347,wsailla0@shinystat.com,3,18,2/27/2022,11/5/2023,delivered
348,aeytoncq@miitbeian.gov.cn,2,1560.84,9/8/2022,10/14/2023,delivered
349,apostinql@myspace.com,3,0,5/5/2023,,cancelled
350,rkerkhamg9@independent.co.uk,1,719.97,3/1/2022,8/16/2023,delivered
351,miacoboni1r@ycombinator.com,0,285.28,3/9/2022,10/31/2023,delivered
352,rmesiask4@icq.com,1,391.93,11/16/2023,,ordered
353,nbuyjn@senate.gov,0,156.93,11/19/2022,,cancelled
354,hwhorall79@yelp.com,2,55.95,9/20/2022,,cancelled
355,lmarcus5w@ox.ac.uk,2,1957.87,5/3/2023,,cancelled
356,bkeniwellif@surveymonkey.com,1,45.43,9/8/2022,2/21/2024,delivered
357,tjohnsonj9@bbb.org,2,132.97,10/28/2022,1/15/2024,delivered
358,hdybaldoa@trellian.com,3,0,9/18/2022,,cancelled
359,ababbidgeaf@dailymotion.com,0,72.15,9/13/2022,,ordered
360,lsiaspinskiku@intel.com,1,217.97,10/6/2023,,cancelled
361,wslixbyo8@jiathis.com,3,597.68,10/12/2023,,cancelled
362,mcasajuanabj@bluehost.com,0,189.96,3/4/2023,,cancelled
363,bbush8b@ebay.com,2,78.53,7/12/2022,,cancelled
364,drusselim@state.tx.us,0,213.73,4/22/2023,,ordered
365,dadkinsba@google.ca,1,151.33,12/16/2023,1/10/2024,delivered
366,koffin11@arizona.edu,0,25.98,6/17/2023,,cancelled
367,gperri92@facebook.com,0,1086.18,1/10/2022,,cancelled
368,amurrayad@rediff.com,2,1169.35,2/14/2022,7/23/2023,delivered
369,dmarchingtonbc@smugmug.com,0,79.98,3/5/2022,,cancelled
370,tschruyer5v@disqus.com,2,578.07,7/2/2022,,ordered
371,alugg1a@github.io,1,132.74,12/13/2022,,ordered
372,cblasing9h@feedburner.com,0,2883.46,3/21/2023,,cancelled
373,nnewelln6@bbc.co.uk,1,839.95,7/15/2022,,ordered
374,rmiguelef@miitbeian.gov.cn,0,236.15,4/17/2022,,cancelled
375,jchiccoak@bandcamp.com,0,177.66,5/23/2022,2/8/2024,delivered
376,criggd6@miibeian.gov.cn,0,439.93,5/24/2022,,ordered
377,fdurbridge2n@yandex.ru,2,320.97,2/15/2022,12/30/2023,delivered
378,epanks4w@discovery.com,2,715.47,8/24/2022,,ordered
379,mhugnet8q@goodreads.com,0,75.87,10/20/2022,,cancelled
380,fscholtep7@ow.ly,1,953.96,2/2/2022,,cancelled
381,jroundtree2y@about.me,3,90,5/11/2023,5/20/2023,delivered
382,aburwoodg7@nbcnews.com,2,362.56,7/8/2022,,cancelled
383,glarcherjz@t-online.de,0,53.97,12/13/2023,,cancelled
384,vgrunwaldjr@arstechnica.com,1,451.64,11/5/2022,5/25/2023,delivered
385,jsimonittony@tuttocitta.it,0,5.39,7/18/2023,,cancelled
386,sschmuhlnt@github.io,2,462.94,11/16/2023,,cancelled
387,smordaunt7@parallels.com,1,63.96,2/9/2022,,cancelled
388,yweighell5s@gizmodo.com,0,161.91,3/27/2022,,cancelled
389,acreenanrf@parallels.com,0,89.86,8/17/2023,11/29/2023,delivered
390,tkighly1v@e-recht24.de,2,649.95,12/14/2022,11/21/2023,delivered
391,wpedrocco6c@forbes.com,0,90,3/12/2023,6/20/2023,delivered
392,wslaterhw@cornell.edu,0,735.15,6/15/2023,,cancelled
393,slobdx@cnn.com,3,29.95,3/20/2023,,ordered
394,psermine3@myspace.com,1,360.98,2/12/2023,,ordered
395,callewellig@rambler.ru,0,152.85,1/18/2022,11/11/2023,delivered
396,hwellum5t@biblegateway.com,1,707.76,4/19/2023,,ordered
397,pspaunton1o@constantcontact.com,1,719.8,2/18/2022,,ordered
398,vlegalle8v@chicagotribune.com,1,0,5/26/2023,,ordered
399,rfoyster4t@t-online.de,0,1738.92,2/15/2022,,ordered
400,mbenedtti80@google.cn,0,41.97,12/21/2022,,ordered
401,lbettanaygf@1688.com,0,463.2,7/27/2023,12/22/2023,delivered
402,apealing6m@unblog.fr,0,944.98,12/28/2022,,ordered
403,svequaud3f@aboutads.info,0,263.98,3/23/2023,4/8/2023,delivered
404,cluesleym9@hexun.com,2,64.95,6/8/2022,,cancelled
405,cstolli52@europa.eu,0,72.95,6/17/2022,10/11/2023,delivered
406,kstuckfordes@rambler.ru,2,111.93,11/6/2023,12/8/2023,delivered
407,hheckle73@bandcamp.com,3,1412.95,4/11/2023,,ordered
408,cganterjy@digg.com,0,97.28,12/19/2023,,cancelled
409,gcorradeschie@usnews.com,3,1491.57,7/19/2022,,cancelled
410,ffouldjk@toplist.cz,0,0,6/20/2023,11/23/2023,delivered
411,hlingley4@addtoany.com,0,103.96,4/24/2023,,cancelled
412,klittlejohnh3@acquirethisname.com,2,114.96,3/28/2023,,ordered
413,llogesdalel4@wordpress.com,0,63.96,7/27/2023,,ordered
414,mstrawbridgef@unc.edu,0,213.98,11/21/2022,,ordered
415,jdimmickbg@psu.edu,0,1229.53,9/25/2023,,ordered
416,psambrok2v@mayoclinic.com,0,1999.98,10/15/2022,4/11/2023,delivered
417,wpotkin8@dot.gov,2,214.2,1/22/2022,3/17/2023,delivered
418,cgowmana7@bbb.org,0,175.92,12/6/2022,,ordered
419,vsomersetnl@de.vu,2,839.96,4/22/2023,6/26/2023,delivered
420,mfusedaledj@live.com,1,963.95,1/16/2022,,ordered
421,bsandys6j@cdbaby.com,2,2772.26,11/9/2022,11/4/2023,delivered
422,miacoboni1r@ycombinator.com,3,268.7,12/5/2022,,cancelled
423,dadkinsba@google.ca,1,28.96,10/8/2022,,ordered
424,ddaudg6@marriott.com,1,7065.87,4/11/2023,5/8/2023,delivered
425,kstuckfordes@rambler.ru,0,227.98,2/20/2022,,cancelled
426,aspellworth6b@godaddy.com,1,551.65,5/2/2023,12/5/2023,delivered
427,adobrovolnyo4@linkedin.com,0,94.98,4/3/2023,,ordered
428,nschobernr@webmd.com,0,21.98,3/19/2023,8/29/2023,delivered
429,mborehamhm@i2i.jp,3,2957.46,10/1/2022,,cancelled
430,boxer4r@ow.ly,3,7031.59,7/18/2023,9/6/2023,delivered
431,mwoollard6g@bbc.co.uk,0,225.19,6/1/2023,,cancelled
432,ssimmsfw@hugedomains.com,1,108.72,11/26/2023,,ordered
433,abutting33@ucoz.com,0,1799.97,12/2/2023,,cancelled
434,cberickio@dot.gov,0,308.65,4/14/2023,,ordered
435,kgiacomi1t@4shared.com,1,363.6,1/7/2023,2/22/2023,delivered
436,chiddyrd@usatoday.com,1,217.92,11/13/2023,,ordered
437,smarriageei@sitemeter.com,2,45.73,7/13/2022,,cancelled
438,fmacanelleyfx@fotki.com,3,1310.4,4/12/2022,,ordered
439,tlebrun96@xrea.com,0,425.34,7/18/2023,,ordered
440,amatevosianfp@wikipedia.org,0,87.49,7/20/2023,11/21/2023,delivered
441,esamberjp@loc.gov,1,0,11/5/2022,,cancelled
442,tkighly1v@e-recht24.de,2,113.99,2/13/2022,,cancelled
443,mribalv@home.pl,1,63.96,1/10/2022,,ordered
444,cfossitt3x@weebly.com,2,375.94,9/21/2023,,cancelled
445,dproudlovenb@ftc.gov,0,49.95,7/20/2022,,cancelled
446,dwaytej0@state.tx.us,3,3.99,1/8/2022,,ordered
447,ddowsgv@whitehouse.gov,0,161.19,6/10/2023,,ordered
448,ebruntd1@etsy.com,1,222.16,3/28/2022,7/31/2023,delivered
449,cgaffey5b@zimbio.com,1,58.8,9/25/2022,5/31/2023,delivered
450,mivoshin7o@merriam-webster.com,3,126.68,8/11/2022,,ordered
451,tdepietrial@bloglines.com,2,2231.96,12/11/2023,,cancelled
452,iheinschkek2@businessinsider.com,0,17.99,4/28/2022,,ordered
453,jburressdh@bloglovin.com,0,34,12/12/2022,12/17/2022,delivered
454,lboribalrk@cnn.com,0,404.8,10/27/2023,,ordered
455,ghaggart8i@networkadvertising.org,1,308.67,8/21/2022,,ordered
456,mbarthoti9@reuters.com,1,160.09,1/24/2023,,ordered
457,xolliveoh@diigo.com,0,103.77,12/5/2022,,ordered
458,rkerrey95@wikispaces.com,0,50.97,7/2/2022,,cancelled
459,tdepietrial@bloglines.com,0,92.92,6/21/2022,,ordered
460,xbartelo3@sohu.com,2,72,1/25/2023,2/24/2024,delivered
461,wisakowiczeu@army.mil,2,182.14,5/19/2022,,cancelled
462,jwaisonm0@upenn.edu,0,1909.69,9/1/2022,,ordered
463,sspraginga1@cbsnews.com,0,1016.97,3/8/2022,,cancelled
464,cbaskwelll2@va.gov,0,72,1/20/2023,,cancelled
465,kfirbyk@examiner.com,0,69.95,6/23/2022,,ordered
466,rwadgeaa@tumblr.com,1,381.86,7/28/2023,,cancelled
467,rwollacottaz@aboutads.info,0,163.5,8/25/2023,10/6/2023,delivered
468,astute0@hubpages.com,1,0,2/8/2023,,cancelled
469,kbaseggio9t@wordpress.com,1,419.98,10/25/2023,,cancelled
470,ffouldjk@toplist.cz,3,517.91,9/25/2022,,cancelled
471,hmccahey2s@nasa.gov,0,157.34,11/20/2022,2/14/2023,delivered
472,htittletross2w@craigslist.org,3,92.95,7/17/2022,,ordered
473,dbentzen8d@ed.gov,1,0,6/25/2022,,cancelled
474,jibbott61@domainmarket.com,0,187.96,5/18/2022,,ordered
475,svequaud3f@aboutads.info,1,172.99,9/5/2022,7/20/2023,delivered
476,jfluckerg0@squidoo.com,3,840,12/25/2022,,ordered
477,rbondesenq7@auda.org.au,1,5689.96,8/8/2022,10/28/2023,delivered
478,lcomolettih6@seesaa.net,1,1828.9,4/28/2023,,cancelled
479,rcopingj2@canalblog.com,3,472.71,5/1/2022,,cancelled
480,tkighly1v@e-recht24.de,3,43.96,5/28/2022,1/10/2024,delivered
481,mhuxsterax@japanpost.jp,1,0,4/8/2022,,ordered
482,ktolossipy@trellian.com,1,79.48,11/19/2022,,cancelled
483,apietronicy@hhs.gov,1,3177.7,11/16/2023,,ordered
484,tdepietrial@bloglines.com,2,0,12/17/2023,,cancelled
485,wisakowiczeu@army.mil,0,62.48,9/3/2022,,cancelled
486,fdulsonah@github.com,0,124.96,6/14/2023,9/6/2023,delivered
487,rmaskill58@usatoday.com,2,75.95,6/3/2022,,cancelled
488,awardale5i@globo.com,0,14391.95,11/1/2023,,ordered
489,tmccullyb3@who.int,0,914.94,7/11/2022,2/17/2024,delivered
490,wpotkin8@dot.gov,1,154.11,10/14/2022,,ordered
491,sschmuhlnt@github.io,1,511.56,1/9/2023,,cancelled
492,mmackinnonbp@noaa.gov,0,1187.66,2/4/2023,8/10/2023,delivered
493,llittlefair2j@g.co,3,268.18,5/5/2022,,cancelled
494,cbaskwelll2@va.gov,0,256.93,7/2/2022,,cancelled
495,ncisconz@blogs.com,3,119.95,9/23/2023,12/15/2023,delivered
496,cwasbrough99@acquirethisname.com,2,0,6/28/2023,,ordered
497,tfinnan8s@upenn.edu,2,0,6/10/2022,2/19/2024,delivered
498,tgoudacv@google.com.br,2,108.97,6/27/2022,,ordered
499,obatemandn@bizjournals.com,2,72.96,6/9/2023,1/11/2024,delivered
500,iandrysiak35@wisc.edu,0,174.92,2/1/2023,,cancelled
501,tfinnan8s@upenn.edu,2,117.9,6/2/2022,8/18/2023,delivered
502,hkirwanm1@google.com,1,52.99,12/9/2022,,cancelled
503,hkirwanm1@google.com,1,71.08,12/22/2022,,cancelled
504,ddaudg6@marriott.com,2,195.74,1/23/2023,,ordered
505,jstollsteimero@tamu.edu,0,121.98,2/10/2022,4/7/2023,delivered
506,cbeckhurst7u@twitter.com,0,23.98,10/8/2023,,cancelled
507,fscholtep7@ow.ly,0,185.17,10/23/2023,,cancelled
508,kbottinelli1m@moonfruit.com,2,218.16,1/7/2022,6/17/2023,delivered
509,tkennerleyqj@4shared.com,3,109.46,6/11/2023,2/13/2024,delivered
510,sbaudreye2@eventbrite.com,1,254.54,11/16/2023,11/18/2023,delivered
511,rcopingj2@canalblog.com,2,36,10/8/2023,,ordered
512,lwacklyhq@weibo.com,2,33.98,8/14/2023,1/14/2024,delivered
513,rcopingj2@canalblog.com,1,44.95,10/23/2022,,cancelled
514,pandrassygq@bbb.org,1,19.98,12/28/2022,2/26/2024,delivered
515,mobrayd3@ca.gov,3,55.62,1/22/2022,8/2/2023,delivered
516,rhuniwall24@php.net,1,179.43,9/24/2023,,ordered
517,rkerrey95@wikispaces.com,0,5.99,8/13/2023,,ordered
518,edennis65@chronoengine.com,1,0,9/8/2023,,ordered
519,ltrattonkp@arizona.edu,0,858.99,7/25/2023,,cancelled
520,fsalwayja@bloomberg.com,1,37.08,9/9/2022,,cancelled
521,fsher5u@imdb.com,0,0,6/3/2022,2/17/2024,delivered
522,cgaffey5b@zimbio.com,1,58,8/8/2023,9/28/2023,delivered
523,fdurbridge2n@yandex.ru,0,100,1/22/2023,,cancelled
524,rkerkhamg9@independent.co.uk,0,134.99,7/11/2022,,cancelled
525,wslaterhw@cornell.edu,1,749.5,5/1/2022,12/20/2023,delivered
526,hwellum5t@biblegateway.com,3,51,2/16/2022,,ordered
527,cspoorsd2@independent.co.uk,0,173.97,9/14/2022,,cancelled
528,adesouza3u@desdev.cn,3,116.92,10/13/2022,,ordered
529,dgreasley7z@photobucket.com,0,198.95,5/3/2023,11/23/2023,delivered
530,cheakerct@elegantthemes.com,0,80.98,5/24/2022,,cancelled
531,cgrimseylu@nationalgeographic.com,1,35.98,3/24/2022,,cancelled
532,sbraccog3@unc.edu,1,158.43,2/1/2022,,ordered
533,lwacklyhq@weibo.com,3,497.19,5/25/2022,9/19/2023,delivered
534,airedale40@cbc.ca,1,176.85,9/13/2023,12/21/2023,delivered
535,josmaraq@moonfruit.com,0,586.67,12/3/2022,,cancelled
536,tlongstreet5o@4shared.com,2,280.33,4/9/2022,,ordered
537,tschruyer5v@disqus.com,1,135.49,3/17/2023,1/19/2024,delivered
538,ybarnewelljb@cnbc.com,0,26.38,5/25/2023,1/11/2024,delivered
539,dondricekin@simplemachines.org,1,42.57,7/25/2022,,cancelled
540,ejedrzejki@pen.io,2,2999.95,12/21/2022,,ordered
541,plazenby2l@youku.com,1,92.92,6/5/2023,,cancelled
542,kwagenl0@loc.gov,0,97.28,3/7/2023,7/21/2023,delivered
543,bogradypi@jalbum.net,0,0,4/2/2022,12/2/2023,delivered
544,kcantuafy@omniture.com,0,142.45,3/10/2023,,ordered
545,dgowanlockcg@wired.com,2,20.78,6/6/2023,2/8/2024,delivered
546,ddaudg6@marriott.com,0,63.96,8/12/2022,10/7/2023,delivered
547,ebeardsdaleg8@a8.net,0,63.96,12/23/2023,,cancelled
548,mcrombieq5@indiegogo.com,1,868.11,4/24/2022,,cancelled
549,yweighell5s@gizmodo.com,0,11.97,5/6/2023,9/17/2023,delivered
550,frowthornby@blog.com,0,55.83,11/4/2023,,cancelled
551,wcreaseie@alibaba.com,0,69.75,8/6/2022,,ordered
552,ghaggart8i@networkadvertising.org,1,1101.11,8/22/2023,10/1/2023,delivered
553,rkerkhamg9@independent.co.uk,2,252.42,6/25/2022,,ordered
554,avenardfd@spiegel.de,0,437.96,5/9/2022,,cancelled
555,acreenanrf@parallels.com,0,0,2/15/2023,,ordered
556,hgilhoolyrq@behance.net,1,944.86,5/2/2023,,cancelled
557,tkennerleyqj@4shared.com,2,294.75,5/7/2022,2/23/2024,delivered
558,skehoeds@mayoclinic.com,0,58,12/11/2022,,cancelled
559,afurley21@pbs.org,1,511.42,9/5/2023,2/20/2024,delivered
560,tfinnan8s@upenn.edu,1,12.99,9/7/2022,1/5/2024,delivered
561,mhughlin2a@forbes.com,0,187.95,6/19/2022,,cancelled
562,khastylc@go.com,0,851,7/16/2022,,cancelled
563,tlairdcraig2@about.me,1,116.15,9/23/2023,1/12/2024,delivered
564,smoonf4@independent.co.uk,1,0,10/10/2023,,ordered
565,cdunkerklk@photobucket.com,0,2999.97,1/8/2023,,ordered
566,dbentzen8d@ed.gov,0,535.63,11/2/2023,,cancelled
567,apealing6m@unblog.fr,3,140.25,7/27/2022,9/10/2022,delivered
568,ahenkmannj4@yellowpages.com,2,0,12/7/2022,,cancelled
569,adesouza3u@desdev.cn,2,815.98,9/2/2022,,cancelled
570,mfusedaledj@live.com,0,391.92,12/5/2023,,cancelled
571,uheberdena8@addtoany.com,1,719.8,12/19/2022,4/17/2023,delivered
572,aelster2b@wsj.com,1,70.95,5/27/2022,11/2/2023,delivered
573,wtwycross86@meetup.com,1,119.42,8/12/2023,2/15/2024,delivered
574,gsimionatorr@oracle.com,1,1680,9/10/2023,,cancelled
575,hrouxfb@altervista.org,1,69.96,11/3/2023,,cancelled
576,dguillouxp2@dyndns.org,1,37.07,12/17/2022,11/2/2023,delivered
577,sdiegojq@cmu.edu,0,475.96,2/11/2022,,cancelled
578,imcgillivrayij@wix.com,0,96.95,12/1/2022,,ordered
579,bdechastelaindl@psu.edu,1,853.56,11/19/2023,12/23/2023,delivered
580,pocurneen84@github.io,0,52.76,9/12/2023,,ordered
581,sfolominol@biglobe.ne.jp,0,21.42,9/14/2023,,ordered
582,tfinnan8s@upenn.edu,0,657.79,2/15/2022,,ordered
583,lgherardescin3@samsung.com,0,172.95,12/14/2023,,ordered
584,voxtoby50@ustream.tv,2,204.26,4/28/2022,,ordered
585,nhargessfi@163.com,1,462.47,11/18/2023,1/14/2024,delivered
586,fdurbridge2n@yandex.ru,2,67.14,8/23/2023,,cancelled
587,aasburyek@house.gov,0,17.99,2/10/2023,,ordered
588,jmaryanno@comcast.net,2,548.88,11/20/2023,1/22/2024,delivered
589,rausteno2@intel.com,0,2677.78,10/21/2022,1/22/2024,delivered
590,plazenby2l@youku.com,1,62.48,5/5/2022,,cancelled
591,wskellongx@purevolume.com,0,231.93,4/3/2023,,cancelled
592,jmaccallamle@lulu.com,1,152.96,5/7/2023,1/1/2024,delivered
593,ngeeritzl8@jugem.jp,0,74.85,6/13/2022,,cancelled
594,agibbettslo@creativecommons.org,2,197,6/11/2022,,ordered
595,jjagiello7e@washington.edu,0,204.78,8/1/2023,,cancelled
596,lboribalrk@cnn.com,3,1064.21,8/4/2023,,ordered
597,tdepietrial@bloglines.com,0,835.98,2/21/2022,,cancelled
598,gwasselin3l@gmpg.org,3,7.98,4/21/2023,,ordered
599,jwaisonm0@upenn.edu,3,156.2,7/11/2023,,cancelled
