payment_id,email,is_payment_cash,credit_card_number
0,astute0@hubpages.com,TRUE,0
0,ralger1@state.tx.us,TRUE,0
0,tlairdcraig2@about.me,TRUE,0
1,tlairdcraig2@about.me,FALSE,2.15478E+15
2,tlairdcraig2@about.me,FALSE,4.81383E+15
3,tlairdcraig2@about.me,FALSE,8.00134E+15
0,paidler3@theguardian.com,TRUE,0
1,paidler3@theguardian.com,FALSE,4.91067E+15
2,paidler3@theguardian.com,FALSE,9.13956E+15
0,hlingley4@addtoany.com,TRUE,0
1,hlingley4@addtoany.com,FALSE,7.02791E+15
2,hlingley4@addtoany.com,FALSE,1.34328E+15
3,hlingley4@addtoany.com,FALSE,3.68446E+15
0,rstephen5@scientificamerican.com,TRUE,0
1,rstephen5@scientificamerican.com,FALSE,1.00898E+15
2,rstephen5@scientificamerican.com,FALSE,7.70973E+15
3,rstephen5@scientificamerican.com,FALSE,9.13063E+15
0,tlongden6@washington.edu,TRUE,0
1,tlongden6@washington.edu,FALSE,5.22348E+15
2,tlongden6@washington.edu,FALSE,2.14324E+15
3,tlongden6@washington.edu,FALSE,4.06755E+15
0,smordaunt7@parallels.com,TRUE,0
0,wpotkin8@dot.gov,TRUE,0
0,kbassingden9@weather.com,TRUE,0
1,kbassingden9@weather.com,FALSE,2.33687E+15
0,avigersa@blog.com,TRUE,0
1,avigersa@blog.com,FALSE,6.727E+15
0,tfruenb@ning.com,TRUE,0
1,tfruenb@ning.com,FALSE,6.75331E+15
2,tfruenb@ning.com,FALSE,2.60355E+15
0,gtremainc@godaddy.com,TRUE,0
1,gtremainc@godaddy.com,FALSE,2.30257E+15
0,tpykettd@auda.org.au,TRUE,0
0,gcorradeschie@usnews.com,TRUE,0
1,gcorradeschie@usnews.com,FALSE,7.59393E+15
0,mstrawbridgef@unc.edu,TRUE,0
1,mstrawbridgef@unc.edu,FALSE,4.90774E+15
2,mstrawbridgef@unc.edu,FALSE,7.57044E+15
3,mstrawbridgef@unc.edu,FALSE,1.05121E+15
0,mjoannidig@google.com.au,TRUE,0
0,idickonsh@newsvine.com,TRUE,0
1,idickonsh@newsvine.com,FALSE,6.00575E+15
2,idickonsh@newsvine.com,FALSE,2.94968E+15
3,idickonsh@newsvine.com,FALSE,9.36292E+15
0,kcoggingsi@sciencedirect.com,TRUE,0
1,kcoggingsi@sciencedirect.com,FALSE,1.31917E+15
2,kcoggingsi@sciencedirect.com,FALSE,1.29941E+15
3,kcoggingsi@sciencedirect.com,FALSE,6.74783E+15
0,bsimononskyj@reverbnation.com,TRUE,0
1,bsimononskyj@reverbnation.com,FALSE,5.74374E+15
0,kfirbyk@examiner.com,TRUE,0
0,gmacgiffinl@blinklist.com,TRUE,0
1,gmacgiffinl@blinklist.com,FALSE,2.24099E+15
0,selliotm@sitemeter.com,TRUE,0
1,selliotm@sitemeter.com,FALSE,4.18767E+15
0,gdigiacomettinon@nps.gov,TRUE,0
1,gdigiacomettinon@nps.gov,FALSE,5.72701E+15
0,jstollsteimero@tamu.edu,TRUE,0
0,bjemmisonp@apache.org,TRUE,0
0,jsimesterq@seesaa.net,TRUE,0
1,jsimesterq@seesaa.net,FALSE,1.52308E+15
0,bbortoluttir@bigcartel.com,TRUE,0
1,bbortoluttir@bigcartel.com,FALSE,2.04321E+15
2,bbortoluttir@bigcartel.com,FALSE,6.64217E+15
0,omoults@sbwire.com,TRUE,0
1,omoults@sbwire.com,FALSE,9.9797E+15
2,omoults@sbwire.com,FALSE,6.28162E+15
3,omoults@sbwire.com,FALSE,3.57681E+15
0,swoodnuttt@patch.com,TRUE,0
1,swoodnuttt@patch.com,FALSE,4.3076E+15
2,swoodnuttt@patch.com,FALSE,3.17626E+15
3,swoodnuttt@patch.com,FALSE,1.03857E+15
0,sgowansu@unicef.org,TRUE,0
0,kbarnettv@wordpress.org,TRUE,0
1,kbarnettv@wordpress.org,FALSE,4.99692E+15
2,kbarnettv@wordpress.org,FALSE,7.94101E+15
3,kbarnettv@wordpress.org,FALSE,4.13971E+15
0,etomowiczw@wp.com,TRUE,0
1,etomowiczw@wp.com,FALSE,8.13015E+15
0,tlunnx@furl.net,TRUE,0
1,tlunnx@furl.net,FALSE,8.18264E+15
0,gparfitty@ehow.com,TRUE,0
1,gparfitty@ehow.com,FALSE,4.45419E+15
2,gparfitty@ehow.com,FALSE,7.54453E+15
0,aasquezz@ezinearticles.com,TRUE,0
1,aasquezz@ezinearticles.com,FALSE,1.40914E+15
2,aasquezz@ezinearticles.com,FALSE,2.12725E+15
3,aasquezz@ezinearticles.com,FALSE,8.08898E+15
0,abodiam10@last.fm,TRUE,0
1,abodiam10@last.fm,FALSE,1.97053E+15
2,abodiam10@last.fm,FALSE,5.07428E+15
0,koffin11@arizona.edu,TRUE,0
0,jderyebarrett12@barnesandnoble.com,TRUE,0
1,jderyebarrett12@barnesandnoble.com,FALSE,9.95333E+15
2,jderyebarrett12@barnesandnoble.com,FALSE,1.57516E+15
3,jderyebarrett12@barnesandnoble.com,FALSE,5.52682E+15
0,hbusst13@nps.gov,TRUE,0
1,hbusst13@nps.gov,FALSE,5.35124E+15
0,chick14@tripod.com,TRUE,0
0,fjauncey15@domainmarket.com,TRUE,0
0,gmarklin16@weebly.com,TRUE,0
1,gmarklin16@weebly.com,FALSE,2.94312E+15
2,gmarklin16@weebly.com,FALSE,5.32791E+15
0,isaladin17@hubpages.com,TRUE,0
1,isaladin17@hubpages.com,FALSE,1.13248E+15
2,isaladin17@hubpages.com,FALSE,9.16859E+15
3,isaladin17@hubpages.com,FALSE,1.27589E+15
0,lkersaw18@bizjournals.com,TRUE,0
0,olaxen19@reverbnation.com,TRUE,0
1,olaxen19@reverbnation.com,FALSE,8.94685E+15
0,alugg1a@github.io,TRUE,0
1,alugg1a@github.io,FALSE,5.99477E+15
2,alugg1a@github.io,FALSE,5.99181E+15
3,alugg1a@github.io,FALSE,6.78202E+15
0,escamel1b@sun.com,TRUE,0
1,escamel1b@sun.com,FALSE,1.3697E+15
2,escamel1b@sun.com,FALSE,2.90671E+15
0,kfratczak1c@bluehost.com,TRUE,0
1,kfratczak1c@bluehost.com,FALSE,5.15733E+15
0,ndrews1d@nasa.gov,TRUE,0
1,ndrews1d@nasa.gov,FALSE,6.55797E+15
0,mmarcu1e@creativecommons.org,TRUE,0
0,jfagge1f@yandex.ru,TRUE,0
1,jfagge1f@yandex.ru,FALSE,6.27777E+15
2,jfagge1f@yandex.ru,FALSE,6.26606E+15
3,jfagge1f@yandex.ru,FALSE,4.19269E+15
0,wgerant1g@smugmug.com,TRUE,0
1,wgerant1g@smugmug.com,FALSE,6.89402E+15
2,wgerant1g@smugmug.com,FALSE,6.51851E+15
0,jhauck1h@wiley.com,TRUE,0
0,mfildery1i@ezinearticles.com,TRUE,0
1,mfildery1i@ezinearticles.com,FALSE,2.87393E+15
2,mfildery1i@ezinearticles.com,FALSE,1.03719E+15
3,mfildery1i@ezinearticles.com,FALSE,8.96221E+15
0,jtuckwell1j@hatena.ne.jp,TRUE,0
0,dlindsell1k@desdev.cn,TRUE,0
0,vrissen1l@lycos.com,TRUE,0
0,kbottinelli1m@moonfruit.com,TRUE,0
0,aoshirine1n@indiegogo.com,TRUE,0
0,pspaunton1o@constantcontact.com,TRUE,0
0,hbattrum1p@seesaa.net,TRUE,0
1,hbattrum1p@seesaa.net,FALSE,2.21306E+15
2,hbattrum1p@seesaa.net,FALSE,5.0912E+15
0,ocapenor1q@hhs.gov,TRUE,0
1,ocapenor1q@hhs.gov,FALSE,2.64842E+15
2,ocapenor1q@hhs.gov,FALSE,1.8705E+15
0,miacoboni1r@ycombinator.com,TRUE,0
0,vsmallwood1s@newyorker.com,TRUE,0
0,kgiacomi1t@4shared.com,TRUE,0
1,kgiacomi1t@4shared.com,FALSE,5.65112E+15
2,kgiacomi1t@4shared.com,FALSE,3.72025E+15
3,kgiacomi1t@4shared.com,FALSE,6.10576E+15
0,grubens1u@nbcnews.com,TRUE,0
0,tkighly1v@e-recht24.de,TRUE,0
1,tkighly1v@e-recht24.de,FALSE,4.86E+15
2,tkighly1v@e-recht24.de,FALSE,5.07015E+15
3,tkighly1v@e-recht24.de,FALSE,6.90256E+15
0,okeneford1w@cnn.com,TRUE,0
0,rgabbett1x@wsj.com,TRUE,0
0,ateal1y@webs.com,TRUE,0
1,ateal1y@webs.com,FALSE,4.6922E+15
2,ateal1y@webs.com,FALSE,8.32395E+15
3,ateal1y@webs.com,FALSE,2.61564E+15
0,ahusthwaite1z@hc360.com,TRUE,0
0,bwhanstall20@ameblo.jp,TRUE,0
1,bwhanstall20@ameblo.jp,FALSE,7.8472E+15
2,bwhanstall20@ameblo.jp,FALSE,9.03731E+15
0,afurley21@pbs.org,TRUE,0
1,afurley21@pbs.org,FALSE,9.40674E+15
0,kposner22@msn.com,TRUE,0
0,hwickens23@trellian.com,TRUE,0
1,hwickens23@trellian.com,FALSE,2.31294E+15
2,hwickens23@trellian.com,FALSE,4.47362E+15
0,rhuniwall24@php.net,TRUE,0
1,rhuniwall24@php.net,FALSE,9.36244E+15
2,rhuniwall24@php.net,FALSE,8.81307E+15
3,rhuniwall24@php.net,FALSE,1.37279E+15
0,pheed25@abc.net.au,TRUE,0
0,cnewcome26@studiopress.com,TRUE,0
1,cnewcome26@studiopress.com,FALSE,5.76954E+15
0,lschoolcroft27@free.fr,TRUE,0
0,dchuter28@tumblr.com,TRUE,0
0,mlaybourne29@mail.ru,TRUE,0
1,mlaybourne29@mail.ru,FALSE,4.84943E+15
0,mhughlin2a@forbes.com,TRUE,0
0,aelster2b@wsj.com,TRUE,0
0,jorry2c@aol.com,TRUE,0
0,jgourlie2d@yolasite.com,TRUE,0
1,jgourlie2d@yolasite.com,FALSE,1.84771E+15
2,jgourlie2d@yolasite.com,FALSE,3.35565E+15
0,kiannello2e@freewebs.com,TRUE,0
1,kiannello2e@freewebs.com,FALSE,7.07664E+15
2,kiannello2e@freewebs.com,FALSE,7.73587E+15
0,cdevenny2f@instagram.com,TRUE,0
1,cdevenny2f@instagram.com,FALSE,6.0885E+15
2,cdevenny2f@instagram.com,FALSE,8.99835E+15
3,cdevenny2f@instagram.com,FALSE,1.26613E+15
0,qpregal2g@mashable.com,TRUE,0
0,qmonahan2h@pen.io,TRUE,0
0,caltimas2i@amazonaws.com,TRUE,0
0,llittlefair2j@g.co,TRUE,0
1,llittlefair2j@g.co,FALSE,2.22715E+15
2,llittlefair2j@g.co,FALSE,8.70852E+15
0,salfonsini2k@nsw.gov.au,TRUE,0
1,salfonsini2k@nsw.gov.au,FALSE,3.60749E+15
0,plazenby2l@youku.com,TRUE,0
1,plazenby2l@youku.com,FALSE,6.59945E+15
2,plazenby2l@youku.com,FALSE,8.7897E+15
0,tnorthgraves2m@theatlantic.com,TRUE,0
1,tnorthgraves2m@theatlantic.com,FALSE,2.61177E+15
2,tnorthgraves2m@theatlantic.com,FALSE,9.12566E+15
0,fdurbridge2n@yandex.ru,TRUE,0
0,dkobpa2o@plala.or.jp,TRUE,0
0,rcleave2p@domainmarket.com,TRUE,0
1,rcleave2p@domainmarket.com,FALSE,8.3155E+15
0,jkail2q@blogtalkradio.com,TRUE,0
0,cradborne2r@mediafire.com,TRUE,0
1,cradborne2r@mediafire.com,FALSE,3.74337E+15
2,cradborne2r@mediafire.com,FALSE,3.50425E+15
0,hmccahey2s@nasa.gov,TRUE,0
0,kburgum2t@paginegialle.it,TRUE,0
1,kburgum2t@paginegialle.it,FALSE,1.01429E+15
0,sbattill2u@twitpic.com,TRUE,0
0,psambrok2v@mayoclinic.com,TRUE,0
0,htittletross2w@craigslist.org,TRUE,0
1,htittletross2w@craigslist.org,FALSE,2.91351E+15
2,htittletross2w@craigslist.org,FALSE,6.66786E+15
3,htittletross2w@craigslist.org,FALSE,9.49288E+15
0,aabrahamowitcz2x@ca.gov,TRUE,0
1,aabrahamowitcz2x@ca.gov,FALSE,5.72799E+15
2,aabrahamowitcz2x@ca.gov,FALSE,3.51875E+15
3,aabrahamowitcz2x@ca.gov,FALSE,7.0179E+15
0,jroundtree2y@about.me,TRUE,0
0,cfabler2z@nps.gov,TRUE,0
1,cfabler2z@nps.gov,FALSE,9.63184E+15
0,mhauxley30@slideshare.net,TRUE,0
1,mhauxley30@slideshare.net,FALSE,5.69149E+15
2,mhauxley30@slideshare.net,FALSE,4.51626E+15
0,bpassmore31@ft.com,TRUE,0
1,bpassmore31@ft.com,FALSE,4.44783E+15
2,bpassmore31@ft.com,FALSE,9.71386E+15
0,jbartczak32@vistaprint.com,TRUE,0
0,abutting33@ucoz.com,TRUE,0
1,abutting33@ucoz.com,FALSE,6.87432E+15
0,jsifleet34@twitter.com,TRUE,0
1,jsifleet34@twitter.com,FALSE,1.83648E+15
2,jsifleet34@twitter.com,FALSE,9.37614E+15
3,jsifleet34@twitter.com,FALSE,8.59161E+15
0,iandrysiak35@wisc.edu,TRUE,0
1,iandrysiak35@wisc.edu,FALSE,1.53956E+15
2,iandrysiak35@wisc.edu,FALSE,8.38568E+15
3,iandrysiak35@wisc.edu,FALSE,6.81336E+15
0,lhattam36@miitbeian.gov.cn,TRUE,0
1,lhattam36@miitbeian.gov.cn,FALSE,3.96618E+15
2,lhattam36@miitbeian.gov.cn,FALSE,6.44075E+15
3,lhattam36@miitbeian.gov.cn,FALSE,1.04635E+15
0,sfreda37@arstechnica.com,TRUE,0
0,jmaccallester38@altervista.org,TRUE,0
0,bgwyer39@merriam-webster.com,TRUE,0
1,bgwyer39@merriam-webster.com,FALSE,2.99247E+15
0,alamps3a@smh.com.au,TRUE,0
1,alamps3a@smh.com.au,FALSE,7.80845E+15
0,nelam3b@mozilla.org,TRUE,0
1,nelam3b@mozilla.org,FALSE,3.45577E+15
2,nelam3b@mozilla.org,FALSE,3.74253E+15
0,rtredget3c@sun.com,TRUE,0
0,rliebermann3d@fastcompany.com,TRUE,0
1,rliebermann3d@fastcompany.com,FALSE,8.09114E+15
2,rliebermann3d@fastcompany.com,FALSE,8.17886E+15
0,smulqueeny3e@sciencedirect.com,TRUE,0
1,smulqueeny3e@sciencedirect.com,FALSE,6.71927E+15
2,smulqueeny3e@sciencedirect.com,FALSE,5.04739E+15
0,svequaud3f@aboutads.info,TRUE,0
0,dstrond3g@dedecms.com,TRUE,0
1,dstrond3g@dedecms.com,FALSE,1.93789E+15
2,dstrond3g@dedecms.com,FALSE,8.21928E+15
0,chayto3h@fotki.com,TRUE,0
1,chayto3h@fotki.com,FALSE,5.79309E+15
2,chayto3h@fotki.com,FALSE,5.095E+15
3,chayto3h@fotki.com,FALSE,9.38985E+15
0,jharget3i@mtv.com,TRUE,0
0,kdrever3j@apache.org,TRUE,0
1,kdrever3j@apache.org,FALSE,3.07191E+15
0,majsik3k@nba.com,TRUE,0
0,gwasselin3l@gmpg.org,TRUE,0
1,gwasselin3l@gmpg.org,FALSE,1.71271E+15
2,gwasselin3l@gmpg.org,FALSE,8.38541E+15
0,rchaize3m@liveinternet.ru,TRUE,0
1,rchaize3m@liveinternet.ru,FALSE,2.27086E+15
0,bkeeton3n@answers.com,TRUE,0
0,hcircuitt3o@github.com,TRUE,0
1,hcircuitt3o@github.com,FALSE,8.05928E+15
2,hcircuitt3o@github.com,FALSE,1.42258E+15
0,trotge3p@sun.com,TRUE,0
0,hkrolak3q@vk.com,TRUE,0
0,cmaryman3r@live.com,TRUE,0
1,cmaryman3r@live.com,FALSE,7.69119E+15
2,cmaryman3r@live.com,FALSE,3.36563E+15
0,kstainton3s@exblog.jp,TRUE,0
1,kstainton3s@exblog.jp,FALSE,3.33478E+15
0,odunk3t@state.tx.us,TRUE,0
0,adesouza3u@desdev.cn,TRUE,0
0,cwoodlands3v@sitemeter.com,TRUE,0
1,cwoodlands3v@sitemeter.com,FALSE,5.88099E+15
0,smalshinger3w@geocities.jp,TRUE,0
1,smalshinger3w@geocities.jp,FALSE,9.6806E+15
2,smalshinger3w@geocities.jp,FALSE,7.91871E+15
0,cfossitt3x@weebly.com,TRUE,0
0,vcadle3y@com.com,TRUE,0
1,vcadle3y@com.com,FALSE,1.06541E+15
2,vcadle3y@com.com,FALSE,9.16499E+15
0,ressel3z@1und1.de,TRUE,0
1,ressel3z@1und1.de,FALSE,2.55218E+15
2,ressel3z@1und1.de,FALSE,2.65171E+15
0,airedale40@cbc.ca,TRUE,0
0,jtoe41@blogspot.com,TRUE,0
1,jtoe41@blogspot.com,FALSE,2.08355E+15
2,jtoe41@blogspot.com,FALSE,2.35473E+15
0,ejerche42@tinyurl.com,TRUE,0
1,ejerche42@tinyurl.com,FALSE,9.78698E+15
0,tlys43@berkeley.edu,TRUE,0
1,tlys43@berkeley.edu,FALSE,4.3402E+15
2,tlys43@berkeley.edu,FALSE,2.15562E+15
3,tlys43@berkeley.edu,FALSE,8.8828E+15
0,lrenac44@vimeo.com,TRUE,0
1,lrenac44@vimeo.com,FALSE,7.10013E+15
0,sdaine45@virginia.edu,TRUE,0
1,sdaine45@virginia.edu,FALSE,3.20364E+15
0,lfyldes46@phoca.cz,TRUE,0
1,lfyldes46@phoca.cz,FALSE,4.66479E+15
0,jluke47@123-reg.co.uk,TRUE,0
1,jluke47@123-reg.co.uk,FALSE,2.94337E+15
2,jluke47@123-reg.co.uk,FALSE,7.63276E+15
3,jluke47@123-reg.co.uk,FALSE,8.33655E+15
0,csilcocks48@google.com.hk,TRUE,0
1,csilcocks48@google.com.hk,FALSE,4.12409E+15
0,jsimeons49@ihg.com,TRUE,0
0,lkesten4a@craigslist.org,TRUE,0
0,mwilliam4b@scientificamerican.com,TRUE,0
0,rgolbourn4c@newsvine.com,TRUE,0
0,kbumpass4d@istockphoto.com,TRUE,0
0,ljerrard4e@mapy.cz,TRUE,0
0,nbeldham4f@narod.ru,TRUE,0
1,nbeldham4f@narod.ru,FALSE,6.50787E+15
2,nbeldham4f@narod.ru,FALSE,9.6915E+15
0,gbence4g@elpais.com,TRUE,0
0,asheringham4h@theatlantic.com,TRUE,0
0,wkaradzas4i@jugem.jp,TRUE,0
1,wkaradzas4i@jugem.jp,FALSE,2.95781E+15
2,wkaradzas4i@jugem.jp,FALSE,7.75491E+15
0,mbauldry4j@altervista.org,TRUE,0
1,mbauldry4j@altervista.org,FALSE,3.28203E+15
2,mbauldry4j@altervista.org,FALSE,2.26154E+15
3,mbauldry4j@altervista.org,FALSE,7.13442E+15
0,prominov4k@toplist.cz,TRUE,0
1,prominov4k@toplist.cz,FALSE,1.66657E+15
0,tjosum4l@photobucket.com,TRUE,0
0,hhalden4m@github.io,TRUE,0
0,tfaers4n@google.co.jp,TRUE,0
1,tfaers4n@google.co.jp,FALSE,7.89984E+15
2,tfaers4n@google.co.jp,FALSE,3.1328E+15
3,tfaers4n@google.co.jp,FALSE,4.49435E+15
0,jcornilleau4o@blogger.com,TRUE,0
1,jcornilleau4o@blogger.com,FALSE,6.72542E+15
2,jcornilleau4o@blogger.com,FALSE,8.10922E+15
3,jcornilleau4o@blogger.com,FALSE,3.53332E+15
0,wdriutti4p@ebay.com,TRUE,0
1,wdriutti4p@ebay.com,FALSE,2.08446E+15
2,wdriutti4p@ebay.com,FALSE,7.44221E+15
3,wdriutti4p@ebay.com,FALSE,4.57304E+15
0,mengall4q@businessweek.com,TRUE,0
0,boxer4r@ow.ly,TRUE,0
1,boxer4r@ow.ly,FALSE,8.32999E+15
2,boxer4r@ow.ly,FALSE,3.0876E+15
0,ntryme4s@washington.edu,TRUE,0
1,ntryme4s@washington.edu,FALSE,9.34198E+15
2,ntryme4s@washington.edu,FALSE,7.87061E+15
0,rfoyster4t@t-online.de,TRUE,0
0,amullard4u@wsj.com,TRUE,0
0,pussher4v@washington.edu,TRUE,0
0,epanks4w@discovery.com,TRUE,0
1,epanks4w@discovery.com,FALSE,5.34753E+15
2,epanks4w@discovery.com,FALSE,3.3531E+15
3,epanks4w@discovery.com,FALSE,2.4301E+15
0,kcongreave4x@pbs.org,TRUE,0
0,jgedge4y@multiply.com,TRUE,0
0,wchantler4z@shinystat.com,TRUE,0
1,wchantler4z@shinystat.com,FALSE,3.48658E+15
2,wchantler4z@shinystat.com,FALSE,9.15665E+15
3,wchantler4z@shinystat.com,FALSE,4.90213E+15
0,voxtoby50@ustream.tv,TRUE,0
0,ddishman51@home.pl,TRUE,0
0,cstolli52@europa.eu,TRUE,0
0,tyoell53@soundcloud.com,TRUE,0
1,tyoell53@soundcloud.com,FALSE,4.89543E+15
0,dstorrie54@topsy.com,TRUE,0
1,dstorrie54@topsy.com,FALSE,7.46941E+15
2,dstorrie54@topsy.com,FALSE,7.56603E+15
0,omargram55@delicious.com,TRUE,0
1,omargram55@delicious.com,FALSE,2.90884E+15
2,omargram55@delicious.com,FALSE,7.42963E+15
0,aaberkirder56@uiuc.edu,TRUE,0
1,aaberkirder56@uiuc.edu,FALSE,9.99446E+15
2,aaberkirder56@uiuc.edu,FALSE,4.7042E+15
0,rsussans57@apache.org,TRUE,0
0,rmaskill58@usatoday.com,TRUE,0
1,rmaskill58@usatoday.com,FALSE,4.30977E+15
0,ykaveney59@soup.io,TRUE,0
1,ykaveney59@soup.io,FALSE,8.57524E+15
2,ykaveney59@soup.io,FALSE,3.36456E+15
0,nnovacek5a@hibu.com,TRUE,0
1,nnovacek5a@hibu.com,FALSE,3.55448E+15
2,nnovacek5a@hibu.com,FALSE,7.33989E+15
3,nnovacek5a@hibu.com,FALSE,6.57814E+15
0,cgaffey5b@zimbio.com,TRUE,0
0,mzecchii5c@ucoz.com,TRUE,0
1,mzecchii5c@ucoz.com,FALSE,9.80563E+15
2,mzecchii5c@ucoz.com,FALSE,9.66755E+15
3,mzecchii5c@ucoz.com,FALSE,4.69306E+15
0,sacres5d@google.nl,TRUE,0
1,sacres5d@google.nl,FALSE,6.41836E+15
2,sacres5d@google.nl,FALSE,2.22871E+15
3,sacres5d@google.nl,FALSE,1.07581E+15
0,modunneen5e@last.fm,TRUE,0
0,geburne5f@microsoft.com,TRUE,0
1,geburne5f@microsoft.com,FALSE,2.7226E+15
0,spfaffe5g@nyu.edu,TRUE,0
0,kkinnoch5h@amazonaws.com,TRUE,0
1,kkinnoch5h@amazonaws.com,FALSE,7.65939E+15
2,kkinnoch5h@amazonaws.com,FALSE,1.02594E+15
3,kkinnoch5h@amazonaws.com,FALSE,3.67819E+15
0,awardale5i@globo.com,TRUE,0
1,awardale5i@globo.com,FALSE,8.49189E+15
0,hbrecknock5j@psu.edu,TRUE,0
0,dstathers5k@nydailynews.com,TRUE,0
1,dstathers5k@nydailynews.com,FALSE,9.95828E+15
2,dstathers5k@nydailynews.com,FALSE,4.60494E+15
3,dstathers5k@nydailynews.com,FALSE,6.40595E+15
0,igarlicke5l@sun.com,TRUE,0
0,wissit5m@columbia.edu,TRUE,0
0,smcindoe5n@umn.edu,TRUE,0
1,smcindoe5n@umn.edu,FALSE,5.6324E+15
2,smcindoe5n@umn.edu,FALSE,6.46022E+15
3,smcindoe5n@umn.edu,FALSE,7.00776E+15
0,tlongstreet5o@4shared.com,TRUE,0
1,tlongstreet5o@4shared.com,FALSE,3.99272E+15
2,tlongstreet5o@4shared.com,FALSE,2.09998E+15
0,lveregan5p@timesonline.co.uk,TRUE,0
1,lveregan5p@timesonline.co.uk,FALSE,1.23395E+15
0,cadnam5q@cisco.com,TRUE,0
1,cadnam5q@cisco.com,FALSE,7.7052E+15
2,cadnam5q@cisco.com,FALSE,7.29047E+15
0,glighten5r@wsj.com,TRUE,0
0,yweighell5s@gizmodo.com,TRUE,0
1,yweighell5s@gizmodo.com,FALSE,2.25657E+15
2,yweighell5s@gizmodo.com,FALSE,1.08237E+15
0,hwellum5t@biblegateway.com,TRUE,0
1,hwellum5t@biblegateway.com,FALSE,2.92993E+15
2,hwellum5t@biblegateway.com,FALSE,1.19792E+15
0,fsher5u@imdb.com,TRUE,0
1,fsher5u@imdb.com,FALSE,7.31985E+15
0,tschruyer5v@disqus.com,TRUE,0
1,tschruyer5v@disqus.com,FALSE,1.44894E+15
0,lmarcus5w@ox.ac.uk,TRUE,0
0,msummerfield5x@wiley.com,TRUE,0
0,rlane5y@aboutads.info,TRUE,0
0,kbarwell5z@sakura.ne.jp,TRUE,0
1,kbarwell5z@sakura.ne.jp,FALSE,6.99839E+15
2,kbarwell5z@sakura.ne.jp,FALSE,3.16623E+15
3,kbarwell5z@sakura.ne.jp,FALSE,8.8544E+15
0,flevene60@psu.edu,TRUE,0
0,jibbott61@domainmarket.com,TRUE,0
1,jibbott61@domainmarket.com,FALSE,7.46009E+15
2,jibbott61@domainmarket.com,FALSE,8.15686E+15
3,jibbott61@domainmarket.com,FALSE,9.01605E+15
0,lannon62@bluehost.com,TRUE,0
1,lannon62@bluehost.com,FALSE,4.93728E+15
2,lannon62@bluehost.com,FALSE,6.59023E+15
3,lannon62@bluehost.com,FALSE,2.96603E+15
0,iwalbrun63@comsenz.com,TRUE,0
1,iwalbrun63@comsenz.com,FALSE,9.76693E+15
2,iwalbrun63@comsenz.com,FALSE,6.30909E+15
0,candrejevic64@npr.org,TRUE,0
0,edennis65@chronoengine.com,TRUE,0
1,edennis65@chronoengine.com,FALSE,7.86557E+15
2,edennis65@chronoengine.com,FALSE,6.34711E+15
0,jrammell66@loc.gov,TRUE,0
0,kpear67@tumblr.com,TRUE,0
1,kpear67@tumblr.com,FALSE,8.09616E+15
0,hmatijasevic68@ehow.com,TRUE,0
0,btoone69@usa.gov,TRUE,0
0,nprynne6a@livejournal.com,TRUE,0
1,nprynne6a@livejournal.com,FALSE,4.02501E+15
2,nprynne6a@livejournal.com,FALSE,8.94251E+15
3,nprynne6a@livejournal.com,FALSE,1.27577E+15
0,aspellworth6b@godaddy.com,TRUE,0
1,aspellworth6b@godaddy.com,FALSE,1.41175E+15
0,wpedrocco6c@forbes.com,TRUE,0
1,wpedrocco6c@forbes.com,FALSE,8.85846E+15
0,pgarvie6d@nhs.uk,TRUE,0
1,pgarvie6d@nhs.uk,FALSE,5.10812E+15
2,pgarvie6d@nhs.uk,FALSE,4.53368E+15
3,pgarvie6d@nhs.uk,FALSE,9.74982E+15
0,anewlands6e@delicious.com,TRUE,0
1,anewlands6e@delicious.com,FALSE,1.33904E+15
0,mharmour6f@nationalgeographic.com,TRUE,0
0,mwoollard6g@bbc.co.uk,TRUE,0
1,mwoollard6g@bbc.co.uk,FALSE,1.90786E+15
2,mwoollard6g@bbc.co.uk,FALSE,8.15377E+15
3,mwoollard6g@bbc.co.uk,FALSE,4.71027E+15
0,jtarbard6h@earthlink.net,TRUE,0
0,hmansour6i@npr.org,TRUE,0
1,hmansour6i@npr.org,FALSE,4.59324E+15
2,hmansour6i@npr.org,FALSE,2.68431E+15
3,hmansour6i@npr.org,FALSE,2.07291E+15
0,bsandys6j@cdbaby.com,TRUE,0
0,rbellam6k@soundcloud.com,TRUE,0
1,rbellam6k@soundcloud.com,FALSE,3.17344E+15
2,rbellam6k@soundcloud.com,FALSE,7.74956E+15
3,rbellam6k@soundcloud.com,FALSE,8.86312E+15
0,tpressman6l@marriott.com,TRUE,0
1,tpressman6l@marriott.com,FALSE,3.44004E+15
2,tpressman6l@marriott.com,FALSE,1.97536E+15
3,tpressman6l@marriott.com,FALSE,7.8892E+15
0,apealing6m@unblog.fr,TRUE,0
1,apealing6m@unblog.fr,FALSE,7.892E+15
2,apealing6m@unblog.fr,FALSE,3.55122E+15
0,telam6n@pcworld.com,TRUE,0
0,etree6o@nationalgeographic.com,TRUE,0
1,etree6o@nationalgeographic.com,FALSE,1.69016E+15
2,etree6o@nationalgeographic.com,FALSE,1.10247E+15
0,dbortolotti6p@csmonitor.com,TRUE,0
0,mpetr6q@imgur.com,TRUE,0
1,mpetr6q@imgur.com,FALSE,2.98216E+15
2,mpetr6q@imgur.com,FALSE,8.53681E+15
3,mpetr6q@imgur.com,FALSE,5.93379E+15
0,ghummerston6r@hibu.com,TRUE,0
1,ghummerston6r@hibu.com,FALSE,6.94259E+15
0,cwhitters6s@typepad.com,TRUE,0
1,cwhitters6s@typepad.com,FALSE,1.60863E+15
2,cwhitters6s@typepad.com,FALSE,1.82291E+15
3,cwhitters6s@typepad.com,FALSE,6.10716E+15
0,mboobyer6t@tmall.com,TRUE,0
0,aduckering6u@friendfeed.com,TRUE,0
0,ckassman6v@virginia.edu,TRUE,0
1,ckassman6v@virginia.edu,FALSE,2.48629E+15
2,ckassman6v@virginia.edu,FALSE,9.14115E+15
3,ckassman6v@virginia.edu,FALSE,4.8335E+15
0,nsandeford6w@artisteer.com,TRUE,0
0,lyoung6x@google.nl,TRUE,0
0,epirdy6y@paginegialle.it,TRUE,0
0,jserck6z@slashdot.org,TRUE,0
1,jserck6z@slashdot.org,FALSE,5.8008E+15
0,mdyble70@ow.ly,TRUE,0
1,mdyble70@ow.ly,FALSE,1.00248E+15
2,mdyble70@ow.ly,FALSE,4.2199E+15
0,rcops71@mtv.com,TRUE,0
0,wpaladini72@slate.com,TRUE,0
1,wpaladini72@slate.com,FALSE,2.11851E+15
2,wpaladini72@slate.com,FALSE,2.1267E+15
3,wpaladini72@slate.com,FALSE,7.78211E+15
0,hheckle73@bandcamp.com,TRUE,0
1,hheckle73@bandcamp.com,FALSE,3.08974E+15
2,hheckle73@bandcamp.com,FALSE,7.25402E+15
0,hbrittain74@ovh.net,TRUE,0
1,hbrittain74@ovh.net,FALSE,7.96613E+15
0,kbradden75@addthis.com,TRUE,0
1,kbradden75@addthis.com,FALSE,8.68158E+15
0,aaiston76@tuttocitta.it,TRUE,0
1,aaiston76@tuttocitta.it,FALSE,4.11814E+15
2,aaiston76@tuttocitta.it,FALSE,7.82479E+15
3,aaiston76@tuttocitta.it,FALSE,3.10225E+15
0,gjacson77@java.com,TRUE,0
1,gjacson77@java.com,FALSE,6.24899E+15
2,gjacson77@java.com,FALSE,1.13593E+15
3,gjacson77@java.com,FALSE,2.41993E+15
0,clavigne78@loc.gov,TRUE,0
1,clavigne78@loc.gov,FALSE,8.89003E+15
2,clavigne78@loc.gov,FALSE,9.90573E+15
0,hwhorall79@yelp.com,TRUE,0
0,ljacke7a@harvard.edu,TRUE,0
1,ljacke7a@harvard.edu,FALSE,5.5722E+15
0,jbarde7b@globo.com,TRUE,0
1,jbarde7b@globo.com,FALSE,7.92588E+15
2,jbarde7b@globo.com,FALSE,6.05956E+15
0,bbeceril7c@walmart.com,TRUE,0
1,bbeceril7c@walmart.com,FALSE,2.65066E+15
0,lscourge7d@cafepress.com,TRUE,0
1,lscourge7d@cafepress.com,FALSE,8.57146E+15
0,jjagiello7e@washington.edu,TRUE,0
0,nhyman7f@whitehouse.gov,TRUE,0
1,nhyman7f@whitehouse.gov,FALSE,8.12794E+15
0,sriddle7g@oakley.com,TRUE,0
1,sriddle7g@oakley.com,FALSE,9.0179E+15
2,sriddle7g@oakley.com,FALSE,1.76196E+15
0,dmurley7h@squarespace.com,TRUE,0
1,dmurley7h@squarespace.com,FALSE,5.27221E+15
0,gloftin7i@goo.ne.jp,TRUE,0
0,tcristofolo7j@barnesandnoble.com,TRUE,0
1,tcristofolo7j@barnesandnoble.com,FALSE,2.81898E+15
2,tcristofolo7j@barnesandnoble.com,FALSE,6.67339E+15
3,tcristofolo7j@barnesandnoble.com,FALSE,6.63198E+15
0,pstieger7k@about.me,TRUE,0
1,pstieger7k@about.me,FALSE,3.74353E+15
2,pstieger7k@about.me,FALSE,9.5268E+15
3,pstieger7k@about.me,FALSE,8.81607E+15
0,ailyinykh7l@barnesandnoble.com,TRUE,0
0,emarchington7m@themeforest.net,TRUE,0
1,emarchington7m@themeforest.net,FALSE,7.50516E+15
2,emarchington7m@themeforest.net,FALSE,2.13377E+15
0,kwhettleton7n@ezinearticles.com,TRUE,0
0,mivoshin7o@merriam-webster.com,TRUE,0
1,mivoshin7o@merriam-webster.com,FALSE,7.0406E+15
2,mivoshin7o@merriam-webster.com,FALSE,2.97482E+15
0,efrarey7p@canalblog.com,TRUE,0
0,sdjurisic7q@drupal.org,TRUE,0
1,sdjurisic7q@drupal.org,FALSE,3.93392E+15
0,kbruinsma7r@harvard.edu,TRUE,0
0,cskillings7s@biglobe.ne.jp,TRUE,0
1,cskillings7s@biglobe.ne.jp,FALSE,5.40595E+15
2,cskillings7s@biglobe.ne.jp,FALSE,2.92864E+15
3,cskillings7s@biglobe.ne.jp,FALSE,9.69479E+15
0,dbiskupek7t@tripod.com,TRUE,0
0,cbeckhurst7u@twitter.com,TRUE,0
0,ageggie7v@google.nl,TRUE,0
1,ageggie7v@google.nl,FALSE,2.76836E+15
2,ageggie7v@google.nl,FALSE,8.20049E+15
3,ageggie7v@google.nl,FALSE,5.67096E+15
0,crubinfajn7w@posterous.com,TRUE,0
1,crubinfajn7w@posterous.com,FALSE,7.15521E+15
0,nscherer7x@unesco.org,TRUE,0
0,dpavlovsky7y@gravatar.com,TRUE,0
1,dpavlovsky7y@gravatar.com,FALSE,4.36888E+15
0,dgreasley7z@photobucket.com,TRUE,0
0,mbenedtti80@google.cn,TRUE,0
0,hduke81@nyu.edu,TRUE,0
0,eheinle82@chronoengine.com,TRUE,0
1,eheinle82@chronoengine.com,FALSE,3.82826E+15
2,eheinle82@chronoengine.com,FALSE,1.94104E+15
3,eheinle82@chronoengine.com,FALSE,4.5603E+15
0,jbutterfield83@youtube.com,TRUE,0
1,jbutterfield83@youtube.com,FALSE,1.19255E+15
0,pocurneen84@github.io,TRUE,0
1,pocurneen84@github.io,FALSE,9.71289E+15
2,pocurneen84@github.io,FALSE,8.61786E+15
3,pocurneen84@github.io,FALSE,1.72134E+15
0,mbertenshaw85@whitehouse.gov,TRUE,0
1,mbertenshaw85@whitehouse.gov,FALSE,6.92982E+15
0,wtwycross86@meetup.com,TRUE,0
1,wtwycross86@meetup.com,FALSE,9.64328E+15
2,wtwycross86@meetup.com,FALSE,7.45185E+15
0,broseveare87@addthis.com,TRUE,0
0,gwarby88@telegraph.co.uk,TRUE,0
0,ngabala89@youtu.be,TRUE,0
1,ngabala89@youtu.be,FALSE,3.8988E+15
0,rvize8a@soundcloud.com,TRUE,0
1,rvize8a@soundcloud.com,FALSE,7.53947E+15
2,rvize8a@soundcloud.com,FALSE,3.64865E+15
3,rvize8a@soundcloud.com,FALSE,7.10512E+15
0,bbush8b@ebay.com,TRUE,0
0,mshone8c@sohu.com,TRUE,0
1,mshone8c@sohu.com,FALSE,4.97018E+15
2,mshone8c@sohu.com,FALSE,1.66099E+15
0,dbentzen8d@ed.gov,TRUE,0
0,dfallowes8e@amazon.co.jp,TRUE,0
1,dfallowes8e@amazon.co.jp,FALSE,9.76332E+15
2,dfallowes8e@amazon.co.jp,FALSE,5.65855E+15
0,sdrohun8f@wikia.com,TRUE,0
1,sdrohun8f@wikia.com,FALSE,3.44398E+15
2,sdrohun8f@wikia.com,FALSE,6.86689E+15
3,sdrohun8f@wikia.com,FALSE,6.60408E+15
0,mlogesdale8g@kickstarter.com,TRUE,0
0,lmoniker8h@ucoz.com,TRUE,0
1,lmoniker8h@ucoz.com,FALSE,8.24702E+15
2,lmoniker8h@ucoz.com,FALSE,9.98691E+15
3,lmoniker8h@ucoz.com,FALSE,7.4985E+15
0,ghaggart8i@networkadvertising.org,TRUE,0
1,ghaggart8i@networkadvertising.org,FALSE,8.15254E+15
2,ghaggart8i@networkadvertising.org,FALSE,9.86834E+15
3,ghaggart8i@networkadvertising.org,FALSE,7.03476E+15
0,ddetoile8j@g.co,TRUE,0
0,rwillwood8k@sitemeter.com,TRUE,0
1,rwillwood8k@sitemeter.com,FALSE,8.74186E+15
2,rwillwood8k@sitemeter.com,FALSE,2.44151E+15
0,aheeron8l@uol.com.br,TRUE,0
1,aheeron8l@uol.com.br,FALSE,6.65244E+15
0,wgwatkins8m@cyberchimps.com,TRUE,0
0,tbalassa8n@a8.net,TRUE,0
1,tbalassa8n@a8.net,FALSE,4.67403E+15
2,tbalassa8n@a8.net,FALSE,7.26261E+15
3,tbalassa8n@a8.net,FALSE,8.20114E+15
0,lciobutaro8o@dailymail.co.uk,TRUE,0
1,lciobutaro8o@dailymail.co.uk,FALSE,9.0249E+15
2,lciobutaro8o@dailymail.co.uk,FALSE,5.77343E+15
3,lciobutaro8o@dailymail.co.uk,FALSE,8.22078E+15
0,cbisseker8p@blinklist.com,TRUE,0
1,cbisseker8p@blinklist.com,FALSE,9.79413E+15
2,cbisseker8p@blinklist.com,FALSE,1.55468E+15
3,cbisseker8p@blinklist.com,FALSE,3.83467E+15
0,mhugnet8q@goodreads.com,TRUE,0
1,mhugnet8q@goodreads.com,FALSE,3.90645E+15
0,wbenardette8r@wikispaces.com,TRUE,0
1,wbenardette8r@wikispaces.com,FALSE,3.8774E+15
2,wbenardette8r@wikispaces.com,FALSE,5.60906E+15
0,tfinnan8s@upenn.edu,TRUE,0
1,tfinnan8s@upenn.edu,FALSE,9.1659E+15
0,vwhitehair8t@twitter.com,TRUE,0
1,vwhitehair8t@twitter.com,FALSE,9.81704E+15
2,vwhitehair8t@twitter.com,FALSE,1.17798E+15
0,tsantora8u@theguardian.com,TRUE,0
1,tsantora8u@theguardian.com,FALSE,3.60047E+15
2,tsantora8u@theguardian.com,FALSE,6.47609E+15
3,tsantora8u@theguardian.com,FALSE,5.53889E+15
0,vlegalle8v@chicagotribune.com,TRUE,0
1,vlegalle8v@chicagotribune.com,FALSE,2.3511E+15
0,brawe8w@cisco.com,TRUE,0
0,nlait8x@163.com,TRUE,0
0,kcrowley8y@mayoclinic.com,TRUE,0
0,sjuste8z@google.nl,TRUE,0
1,sjuste8z@google.nl,FALSE,2.58025E+15
0,aingledow90@mail.ru,TRUE,0
1,aingledow90@mail.ru,FALSE,9.97299E+15
2,aingledow90@mail.ru,FALSE,3.57733E+15
0,icockman91@mac.com,TRUE,0
1,icockman91@mac.com,FALSE,6.18249E+15
2,icockman91@mac.com,FALSE,6.95299E+15
3,icockman91@mac.com,FALSE,6.15044E+15
0,gperri92@facebook.com,TRUE,0
0,ahirthe93@loc.gov,TRUE,0
1,ahirthe93@loc.gov,FALSE,6.36463E+15
2,ahirthe93@loc.gov,FALSE,8.97596E+15
3,ahirthe93@loc.gov,FALSE,6.07305E+15
0,mollerenshaw94@nhs.uk,TRUE,0
1,mollerenshaw94@nhs.uk,FALSE,6.33841E+15
0,rkerrey95@wikispaces.com,TRUE,0
1,rkerrey95@wikispaces.com,FALSE,9.98393E+15
0,tlebrun96@xrea.com,TRUE,0
1,tlebrun96@xrea.com,FALSE,7.35797E+15
2,tlebrun96@xrea.com,FALSE,9.18257E+15
0,rkunkel97@netvibes.com,TRUE,0
1,rkunkel97@netvibes.com,FALSE,8.49489E+15
0,tblazic98@themeforest.net,TRUE,0
0,cwasbrough99@acquirethisname.com,TRUE,0
1,cwasbrough99@acquirethisname.com,FALSE,5.55136E+15
2,cwasbrough99@acquirethisname.com,FALSE,6.29268E+15
3,cwasbrough99@acquirethisname.com,FALSE,8.36427E+15
0,asammonds9a@seattletimes.com,TRUE,0
1,asammonds9a@seattletimes.com,FALSE,1.44109E+15
2,asammonds9a@seattletimes.com,FALSE,4.74235E+15
0,cgodart9b@webeden.co.uk,TRUE,0
1,cgodart9b@webeden.co.uk,FALSE,8.49792E+15
2,cgodart9b@webeden.co.uk,FALSE,9.35316E+15
3,cgodart9b@webeden.co.uk,FALSE,6.15835E+15
0,kgallally9c@salon.com,TRUE,0
0,ihuffadine9d@chicagotribune.com,TRUE,0
0,jhighnam9e@meetup.com,TRUE,0
1,jhighnam9e@meetup.com,FALSE,1.70598E+15
0,rfosken9f@accuweather.com,TRUE,0
1,rfosken9f@accuweather.com,FALSE,6.73812E+15
2,rfosken9f@accuweather.com,FALSE,7.77951E+15
0,rbenmore9g@a8.net,TRUE,0
1,rbenmore9g@a8.net,FALSE,7.17326E+15
2,rbenmore9g@a8.net,FALSE,1.96578E+15
3,rbenmore9g@a8.net,FALSE,9.04881E+15
0,cblasing9h@feedburner.com,TRUE,0
1,cblasing9h@feedburner.com,FALSE,8.97053E+15
2,cblasing9h@feedburner.com,FALSE,1.53153E+15
3,cblasing9h@feedburner.com,FALSE,4.34793E+15
0,atame9i@umich.edu,TRUE,0
1,atame9i@umich.edu,FALSE,1.14335E+15
0,mewdale9j@bing.com,TRUE,0
1,mewdale9j@bing.com,FALSE,9.93868E+15
0,hcamoys9k@hud.gov,TRUE,0
1,hcamoys9k@hud.gov,FALSE,6.05098E+15
2,hcamoys9k@hud.gov,FALSE,8.41296E+15
3,hcamoys9k@hud.gov,FALSE,3.21245E+15
0,lsamuels9l@kickstarter.com,TRUE,0
1,lsamuels9l@kickstarter.com,FALSE,1.89664E+15
2,lsamuels9l@kickstarter.com,FALSE,5.70444E+15
3,lsamuels9l@kickstarter.com,FALSE,6.67327E+15
0,mgiacopetti9m@ameblo.jp,TRUE,0
0,bglynne9n@nymag.com,TRUE,0
1,bglynne9n@nymag.com,FALSE,1.84184E+15
0,nhasker9o@businessinsider.com,TRUE,0
1,nhasker9o@businessinsider.com,FALSE,6.15278E+15
2,nhasker9o@businessinsider.com,FALSE,3.42625E+15
3,nhasker9o@businessinsider.com,FALSE,9.57503E+15
0,klouys9p@163.com,TRUE,0
1,klouys9p@163.com,FALSE,1.82496E+15
2,klouys9p@163.com,FALSE,2.9677E+15
0,ebowerbank9q@chronoengine.com,TRUE,0
1,ebowerbank9q@chronoengine.com,FALSE,4.0279E+15
0,bmaddock9r@kickstarter.com,TRUE,0
0,jgiacopini9s@columbia.edu,TRUE,0
0,kbaseggio9t@wordpress.com,TRUE,0
1,kbaseggio9t@wordpress.com,FALSE,7.4311E+15
2,kbaseggio9t@wordpress.com,FALSE,9.55249E+15
3,kbaseggio9t@wordpress.com,FALSE,3.08152E+15
0,saubury9u@cargocollective.com,TRUE,0
1,saubury9u@cargocollective.com,FALSE,7.83308E+15
0,tdeason9v@tinyurl.com,TRUE,0
0,spedley9w@cocolog-nifty.com,TRUE,0
0,aadkin9x@wordpress.org,TRUE,0
0,jburnside9y@photobucket.com,TRUE,0
0,abrigge9z@nbcnews.com,TRUE,0
1,abrigge9z@nbcnews.com,FALSE,5.61551E+15
2,abrigge9z@nbcnews.com,FALSE,2.98427E+15
3,abrigge9z@nbcnews.com,FALSE,8.27546E+15
0,wsailla0@shinystat.com,TRUE,0
1,wsailla0@shinystat.com,FALSE,5.94491E+15
0,sspraginga1@cbsnews.com,TRUE,0
1,sspraginga1@cbsnews.com,FALSE,3.73366E+15
0,mburnessa2@ebay.com,TRUE,0
0,ssannesa3@yellowbook.com,TRUE,0
0,drangalla4@mediafire.com,TRUE,0
0,bmacka5@issuu.com,TRUE,0
0,rdovermanna6@statcounter.com,TRUE,0
0,cgowmana7@bbb.org,TRUE,0
0,uheberdena8@addtoany.com,TRUE,0
1,uheberdena8@addtoany.com,FALSE,3.94535E+15
0,wskatchera9@apple.com,TRUE,0
1,wskatchera9@apple.com,FALSE,9.88253E+15
0,rwadgeaa@tumblr.com,TRUE,0
0,bjaffrayab@liveinternet.ru,TRUE,0
0,jvedstraac@acquirethisname.com,TRUE,0
1,jvedstraac@acquirethisname.com,FALSE,9.63344E+15
2,jvedstraac@acquirethisname.com,FALSE,9.49793E+15
0,amurrayad@rediff.com,TRUE,0
1,amurrayad@rediff.com,FALSE,8.36135E+15
0,ieronieae@tinyurl.com,TRUE,0
1,ieronieae@tinyurl.com,FALSE,4.88273E+15
2,ieronieae@tinyurl.com,FALSE,3.13556E+15
0,ababbidgeaf@dailymotion.com,TRUE,0
0,apillansag@auda.org.au,TRUE,0
1,apillansag@auda.org.au,FALSE,5.20617E+15
0,fdulsonah@github.com,TRUE,0
1,fdulsonah@github.com,FALSE,4.89854E+15
2,fdulsonah@github.com,FALSE,2.39286E+15
0,gskillenai@friendfeed.com,TRUE,0
0,raishaj@answers.com,TRUE,0
1,raishaj@answers.com,FALSE,5.74307E+15
2,raishaj@answers.com,FALSE,9.9787E+15
3,raishaj@answers.com,FALSE,7.69633E+15
0,jchiccoak@bandcamp.com,TRUE,0
0,tdepietrial@bloglines.com,TRUE,0
1,tdepietrial@bloglines.com,FALSE,6.28247E+15
0,ashildrakeam@cnn.com,TRUE,0
0,fgreiseran@plala.or.jp,TRUE,0
1,fgreiseran@plala.or.jp,FALSE,4.98027E+15
2,fgreiseran@plala.or.jp,FALSE,8.41041E+15
3,fgreiseran@plala.or.jp,FALSE,1.93263E+15
0,vacomao@google.es,TRUE,0
1,vacomao@google.es,FALSE,7.84423E+15
0,ppolinoap@flavors.me,TRUE,0
0,josmaraq@moonfruit.com,TRUE,0
1,josmaraq@moonfruit.com,FALSE,4.46136E+15
2,josmaraq@moonfruit.com,FALSE,4.31523E+15
0,ggilliear@marketwatch.com,TRUE,0
1,ggilliear@marketwatch.com,FALSE,5.54786E+15
2,ggilliear@marketwatch.com,FALSE,9.93162E+15
0,cdefilippisas@mapy.cz,TRUE,0
0,bcumberlandat@globo.com,TRUE,0
0,syoxenau@wunderground.com,TRUE,0
1,syoxenau@wunderground.com,FALSE,6.94042E+15
2,syoxenau@wunderground.com,FALSE,8.21853E+15
3,syoxenau@wunderground.com,FALSE,2.5639E+15
0,eformav@theglobeandmail.com,TRUE,0
0,lgellionaw@yale.edu,TRUE,0
1,lgellionaw@yale.edu,FALSE,6.84185E+15
0,mhuxsterax@japanpost.jp,TRUE,0
1,mhuxsterax@japanpost.jp,FALSE,3.16292E+15
2,mhuxsterax@japanpost.jp,FALSE,2.96713E+15
0,hfeversay@earthlink.net,TRUE,0
0,rwollacottaz@aboutads.info,TRUE,0
1,rwollacottaz@aboutads.info,FALSE,5.42581E+15
2,rwollacottaz@aboutads.info,FALSE,4.7282E+15
3,rwollacottaz@aboutads.info,FALSE,4.83764E+15
0,lmarnerb0@infoseek.co.jp,TRUE,0
1,lmarnerb0@infoseek.co.jp,FALSE,1.61105E+15
2,lmarnerb0@infoseek.co.jp,FALSE,9.42069E+15
0,fspurginb1@princeton.edu,TRUE,0
1,fspurginb1@princeton.edu,FALSE,2.01323E+15
2,fspurginb1@princeton.edu,FALSE,1.33964E+15
0,itrekerb2@bing.com,TRUE,0
0,tmccullyb3@who.int,TRUE,0
0,tmacdonellb4@dmoz.org,TRUE,0
0,achristianb5@mozilla.com,TRUE,0
1,achristianb5@mozilla.com,FALSE,9.30544E+15
0,gjepsonb6@webs.com,TRUE,0
0,hpadberryb7@ezinearticles.com,TRUE,0
0,kfassb8@yahoo.com,TRUE,0
1,kfassb8@yahoo.com,FALSE,4.18579E+15
2,kfassb8@yahoo.com,FALSE,9.16462E+15
3,kfassb8@yahoo.com,FALSE,3.27207E+15
0,dradishb9@sourceforge.net,TRUE,0
1,dradishb9@sourceforge.net,FALSE,7.91644E+15
2,dradishb9@sourceforge.net,FALSE,8.28673E+15
0,dadkinsba@google.ca,TRUE,0
0,pemblenbb@scientificamerican.com,TRUE,0
0,dmarchingtonbc@smugmug.com,TRUE,0
0,ppottiebd@cnet.com,TRUE,0
1,ppottiebd@cnet.com,FALSE,4.09612E+15
2,ppottiebd@cnet.com,FALSE,2.01228E+15
3,ppottiebd@cnet.com,FALSE,3.17867E+15
0,nramelotbe@bloomberg.com,TRUE,0
0,sbraidleybf@networkadvertising.org,TRUE,0
0,jdimmickbg@psu.edu,TRUE,0
1,jdimmickbg@psu.edu,FALSE,6.60404E+15
2,jdimmickbg@psu.edu,FALSE,4.46388E+15
0,zahmadbh@patch.com,TRUE,0
0,jmecozzibi@yelp.com,TRUE,0
0,mcasajuanabj@bluehost.com,TRUE,0
0,mroscampbk@oaic.gov.au,TRUE,0
1,mroscampbk@oaic.gov.au,FALSE,5.4734E+15
2,mroscampbk@oaic.gov.au,FALSE,9.79217E+15
3,mroscampbk@oaic.gov.au,FALSE,9.96344E+15
0,qspiniellobl@163.com,TRUE,0
0,splewrightbm@kickstarter.com,TRUE,0
0,mwenmanbn@nymag.com,TRUE,0
0,croskrugbo@google.co.jp,TRUE,0
0,mmackinnonbp@noaa.gov,TRUE,0
1,mmackinnonbp@noaa.gov,FALSE,1.85149E+15
2,mmackinnonbp@noaa.gov,FALSE,5.87252E+15
0,bmccaghanbq@independent.co.uk,TRUE,0
1,bmccaghanbq@independent.co.uk,FALSE,6.96879E+15
0,gmcpheebr@mapy.cz,TRUE,0
1,gmcpheebr@mapy.cz,FALSE,4.35249E+15
2,gmcpheebr@mapy.cz,FALSE,1.20369E+15
0,cdreherbs@netvibes.com,TRUE,0
0,lqusklaybt@cornell.edu,TRUE,0
0,mtravisbu@wikipedia.org,TRUE,0
1,mtravisbu@wikipedia.org,FALSE,3.10858E+15
2,mtravisbu@wikipedia.org,FALSE,4.99468E+15
3,mtravisbu@wikipedia.org,FALSE,7.76531E+15
0,kpabelbv@homestead.com,TRUE,0
1,kpabelbv@homestead.com,FALSE,8.539E+15
0,breymersbw@apple.com,TRUE,0
1,breymersbw@apple.com,FALSE,3.65575E+15
2,breymersbw@apple.com,FALSE,2.08537E+15
0,dporteousbx@wisc.edu,TRUE,0
1,dporteousbx@wisc.edu,FALSE,4.28683E+15
2,dporteousbx@wisc.edu,FALSE,8.02994E+15
3,dporteousbx@wisc.edu,FALSE,3.21979E+15
0,frowthornby@blog.com,TRUE,0
0,cbolverbz@amazonaws.com,TRUE,0
0,hmatyuginc0@furl.net,TRUE,0
1,hmatyuginc0@furl.net,FALSE,2.05619E+15
2,hmatyuginc0@furl.net,FALSE,9.58433E+15
3,hmatyuginc0@furl.net,FALSE,3.98547E+15
0,kisardc1@pagesperso-orange.fr,TRUE,0
1,kisardc1@pagesperso-orange.fr,FALSE,9.35371E+15
2,kisardc1@pagesperso-orange.fr,FALSE,5.68368E+15
3,kisardc1@pagesperso-orange.fr,FALSE,1.58814E+15
0,shodgenc2@123-reg.co.uk,TRUE,0
1,shodgenc2@123-reg.co.uk,FALSE,7.3068E+15
0,fspaceyc3@sakura.ne.jp,TRUE,0
1,fspaceyc3@sakura.ne.jp,FALSE,3.93345E+15
2,fspaceyc3@sakura.ne.jp,FALSE,8.29058E+15
0,klabatiec4@tumblr.com,TRUE,0
1,klabatiec4@tumblr.com,FALSE,5.67629E+15
2,klabatiec4@tumblr.com,FALSE,8.32678E+15
0,nwarhamc5@nifty.com,TRUE,0
0,mreadingsc6@paginegialle.it,TRUE,0
0,bfilyushkinc7@indiegogo.com,TRUE,0
1,bfilyushkinc7@indiegogo.com,FALSE,6.34762E+15
2,bfilyushkinc7@indiegogo.com,FALSE,9.98433E+15
0,jellesmerec8@chronoengine.com,TRUE,0
0,mblankoc9@exblog.jp,TRUE,0
1,mblankoc9@exblog.jp,FALSE,6.22271E+15
2,mblankoc9@exblog.jp,FALSE,2.51714E+15
3,mblankoc9@exblog.jp,FALSE,7.52809E+15
0,iloreyca@alibaba.com,TRUE,0
0,ldewfallcb@creativecommons.org,TRUE,0
1,ldewfallcb@creativecommons.org,FALSE,7.55196E+15
0,radcockcc@businessweek.com,TRUE,0
0,bculpencd@timesonline.co.uk,TRUE,0
0,oedlingce@posterous.com,TRUE,0
1,oedlingce@posterous.com,FALSE,1.95241E+15
0,vgreevescf@elpais.com,TRUE,0
1,vgreevescf@elpais.com,FALSE,8.04698E+15
2,vgreevescf@elpais.com,FALSE,9.32805E+15
3,vgreevescf@elpais.com,FALSE,4.4775E+15
0,dgowanlockcg@wired.com,TRUE,0
1,dgowanlockcg@wired.com,FALSE,3.82798E+15
2,dgowanlockcg@wired.com,FALSE,3.94303E+15
0,jcomleych@vimeo.com,TRUE,0
1,jcomleych@vimeo.com,FALSE,7.03636E+15
2,jcomleych@vimeo.com,FALSE,6.773E+15
0,keayrsci@chicagotribune.com,TRUE,0
0,rconcklincj@dot.gov,TRUE,0
1,rconcklincj@dot.gov,FALSE,3.19339E+15
2,rconcklincj@dot.gov,FALSE,2.48917E+15
0,moddyck@reverbnation.com,TRUE,0
0,oladymancl@hao123.com,TRUE,0
0,treichhardtcm@slate.com,TRUE,0
0,edugancn@canalblog.com,TRUE,0
1,edugancn@canalblog.com,FALSE,1.34207E+15
2,edugancn@canalblog.com,FALSE,1.4363E+15
0,mgudgeco@ovh.net,TRUE,0
1,mgudgeco@ovh.net,FALSE,2.61202E+15
2,mgudgeco@ovh.net,FALSE,2.50639E+15
3,mgudgeco@ovh.net,FALSE,9.60258E+15
0,mmowsoncp@washington.edu,TRUE,0
0,aeytoncq@miitbeian.gov.cn,TRUE,0
0,dtweddellcr@simplemachines.org,TRUE,0
1,dtweddellcr@simplemachines.org,FALSE,8.19241E+15
2,dtweddellcr@simplemachines.org,FALSE,2.50004E+15
0,rrohfsencs@123-reg.co.uk,TRUE,0
1,rrohfsencs@123-reg.co.uk,FALSE,1.30748E+15
2,rrohfsencs@123-reg.co.uk,FALSE,8.05559E+15
3,rrohfsencs@123-reg.co.uk,FALSE,2.0312E+15
0,cheakerct@elegantthemes.com,TRUE,0
0,adanilincu@salon.com,TRUE,0
1,adanilincu@salon.com,FALSE,1.66514E+15
0,tgoudacv@google.com.br,TRUE,0
1,tgoudacv@google.com.br,FALSE,8.84654E+15
2,tgoudacv@google.com.br,FALSE,5.8412E+15
0,wwestgarthcw@dailymotion.com,TRUE,0
1,wwestgarthcw@dailymotion.com,FALSE,8.68621E+15
2,wwestgarthcw@dailymotion.com,FALSE,2.7462E+15
0,mkrebscx@addtoany.com,TRUE,0
0,apietronicy@hhs.gov,TRUE,0
0,dcobellocz@miitbeian.gov.cn,TRUE,0
1,dcobellocz@miitbeian.gov.cn,FALSE,2.73658E+15
2,dcobellocz@miitbeian.gov.cn,FALSE,9.77052E+15
0,lsmelleyd0@gravatar.com,TRUE,0
1,lsmelleyd0@gravatar.com,FALSE,9.64268E+15
2,lsmelleyd0@gravatar.com,FALSE,7.31895E+15
3,lsmelleyd0@gravatar.com,FALSE,9.7958E+15
0,ebruntd1@etsy.com,TRUE,0
0,cspoorsd2@independent.co.uk,TRUE,0
0,mobrayd3@ca.gov,TRUE,0
0,crotherd4@seattletimes.com,TRUE,0
0,bwappled5@typepad.com,TRUE,0
0,criggd6@miibeian.gov.cn,TRUE,0
0,ckorbmakerd7@wikimedia.org,TRUE,0
0,krivettd8@state.tx.us,TRUE,0
1,krivettd8@state.tx.us,FALSE,9.50459E+15
0,jstreatfieldd9@opera.com,TRUE,0
1,jstreatfieldd9@opera.com,FALSE,6.16286E+15
2,jstreatfieldd9@opera.com,FALSE,1.62285E+15
3,jstreatfieldd9@opera.com,FALSE,8.16538E+15
0,bgemmillda@salon.com,TRUE,0
1,bgemmillda@salon.com,FALSE,5.87117E+15
0,byudb@php.net,TRUE,0
0,cstientondc@psu.edu,TRUE,0
1,cstientondc@psu.edu,FALSE,6.52031E+15
2,cstientondc@psu.edu,FALSE,1.27949E+15
3,cstientondc@psu.edu,FALSE,6.9073E+15
0,kskerrattdd@jiathis.com,TRUE,0
1,kskerrattdd@jiathis.com,FALSE,8.48539E+15
0,fgilyattde@hc360.com,TRUE,0
0,jgwalterdf@wiley.com,TRUE,0
1,jgwalterdf@wiley.com,FALSE,7.22551E+15
2,jgwalterdf@wiley.com,FALSE,5.30419E+15
3,jgwalterdf@wiley.com,FALSE,1.4086E+15
0,challadeydg@jalbum.net,TRUE,0
1,challadeydg@jalbum.net,FALSE,8.14069E+15
0,jburressdh@bloglovin.com,TRUE,0
1,jburressdh@bloglovin.com,FALSE,1.976E+15
0,akeninghamdi@go.com,TRUE,0
0,mfusedaledj@live.com,TRUE,0
1,mfusedaledj@live.com,FALSE,6.04747E+15
2,mfusedaledj@live.com,FALSE,3.17397E+15
3,mfusedaledj@live.com,FALSE,7.19503E+15
0,spennonidk@domainmarket.com,TRUE,0
1,spennonidk@domainmarket.com,FALSE,7.24769E+15
2,spennonidk@domainmarket.com,FALSE,6.11259E+15
3,spennonidk@domainmarket.com,FALSE,2.68598E+15
0,bdechastelaindl@psu.edu,TRUE,0
0,npetrovdm@mayoclinic.com,TRUE,0
1,npetrovdm@mayoclinic.com,FALSE,6.16521E+15
2,npetrovdm@mayoclinic.com,FALSE,8.77599E+15
0,obatemandn@bizjournals.com,TRUE,0
1,obatemandn@bizjournals.com,FALSE,3.65407E+15
2,obatemandn@bizjournals.com,FALSE,6.09303E+15
0,ddaultondo@weibo.com,TRUE,0
0,iedworthiedp@artisteer.com,TRUE,0
1,iedworthiedp@artisteer.com,FALSE,1.06074E+15
0,pdavisdq@nymag.com,TRUE,0
0,bbellwooddr@businesswire.com,TRUE,0
0,skehoeds@mayoclinic.com,TRUE,0
0,dbeckendt@fema.gov,TRUE,0
1,dbeckendt@fema.gov,FALSE,4.91297E+15
0,glehrledu@epa.gov,TRUE,0
0,kbalaisotdv@gmpg.org,TRUE,0
0,ghenkendw@dell.com,TRUE,0
0,slobdx@cnn.com,TRUE,0
0,ldrogandy@mit.edu,TRUE,0
1,ldrogandy@mit.edu,FALSE,6.17649E+15
0,euppettdz@bluehost.com,TRUE,0
1,euppettdz@bluehost.com,FALSE,7.14438E+15
2,euppettdz@bluehost.com,FALSE,4.22491E+15
0,mfranckee0@cocolog-nifty.com,TRUE,0
1,mfranckee0@cocolog-nifty.com,FALSE,7.75661E+15
2,mfranckee0@cocolog-nifty.com,FALSE,2.45921E+15
3,mfranckee0@cocolog-nifty.com,FALSE,3.53892E+15
0,ccarlonee1@amazonaws.com,TRUE,0
0,sbaudreye2@eventbrite.com,TRUE,0
1,sbaudreye2@eventbrite.com,FALSE,8.08665E+15
2,sbaudreye2@eventbrite.com,FALSE,2.69922E+15
0,psermine3@myspace.com,TRUE,0
1,psermine3@myspace.com,FALSE,4.69774E+15
2,psermine3@myspace.com,FALSE,1.02132E+15
0,itolande4@aboutads.info,TRUE,0
1,itolande4@aboutads.info,FALSE,4.47209E+15
0,gburmastere5@nps.gov,TRUE,0
1,gburmastere5@nps.gov,FALSE,4.50624E+15
0,ccrathornee6@sciencedirect.com,TRUE,0
1,ccrathornee6@sciencedirect.com,FALSE,9.59243E+15
2,ccrathornee6@sciencedirect.com,FALSE,6.62654E+15
0,jpauliche7@123-reg.co.uk,TRUE,0
0,aofallownee8@trellian.com,TRUE,0
1,aofallownee8@trellian.com,FALSE,8.30612E+15
2,aofallownee8@trellian.com,FALSE,2.6559E+15
0,gwaadenburge9@nps.gov,TRUE,0
0,wdepkeea@geocities.jp,TRUE,0
0,epapaeb@archive.org,TRUE,0
1,epapaeb@archive.org,FALSE,6.16942E+15
0,rcragellec@g.co,TRUE,0
0,espendered@qq.com,TRUE,0
1,espendered@qq.com,FALSE,9.89867E+15
2,espendered@qq.com,FALSE,9.59137E+15
3,espendered@qq.com,FALSE,7.85424E+15
0,dmoulsteree@nba.com,TRUE,0
1,dmoulsteree@nba.com,FALSE,7.33179E+15
0,rmiguelef@miitbeian.gov.cn,TRUE,0
0,kdevineeg@netvibes.com,TRUE,0
1,kdevineeg@netvibes.com,FALSE,4.19942E+15
2,kdevineeg@netvibes.com,FALSE,2.69193E+15
0,ktidcombeh@amazonaws.com,TRUE,0
0,smarriageei@sitemeter.com,TRUE,0
1,smarriageei@sitemeter.com,FALSE,2.63583E+15
2,smarriageei@sitemeter.com,FALSE,9.43324E+15
0,amasoej@uol.com.br,TRUE,0
0,aasburyek@house.gov,TRUE,0
0,dstlouisel@hhs.gov,TRUE,0
1,dstlouisel@hhs.gov,FALSE,9.51881E+15
2,dstlouisel@hhs.gov,FALSE,4.76406E+15
3,dstlouisel@hhs.gov,FALSE,4.45763E+15
0,dosullivanem@discuz.net,TRUE,0
1,dosullivanem@discuz.net,FALSE,3.45319E+15
0,hscarboroughen@lycos.com,TRUE,0
0,kkubackieo@microsoft.com,TRUE,0
1,kkubackieo@microsoft.com,FALSE,4.18465E+15
2,kkubackieo@microsoft.com,FALSE,8.24513E+15
0,bwhatesep@google.it,TRUE,0
1,bwhatesep@google.it,FALSE,7.58451E+15
2,bwhatesep@google.it,FALSE,4.32701E+15
3,bwhatesep@google.it,FALSE,7.28128E+15
0,tmcquadeeq@senate.gov,TRUE,0
0,igoforder@360.cn,TRUE,0
1,igoforder@360.cn,FALSE,6.39077E+15
2,igoforder@360.cn,FALSE,6.62939E+15
0,kstuckfordes@rambler.ru,TRUE,0
1,kstuckfordes@rambler.ru,FALSE,6.71155E+15
2,kstuckfordes@rambler.ru,FALSE,2.28162E+15
3,kstuckfordes@rambler.ru,FALSE,2.89228E+15
0,zhobbemaet@patch.com,TRUE,0
1,zhobbemaet@patch.com,FALSE,7.89829E+15
2,zhobbemaet@patch.com,FALSE,9.96669E+15
0,wisakowiczeu@army.mil,TRUE,0
1,wisakowiczeu@army.mil,FALSE,9.21935E+15
2,wisakowiczeu@army.mil,FALSE,4.83528E+15
0,klesaunierev@ebay.com,TRUE,0
1,klesaunierev@ebay.com,FALSE,6.72638E+15
2,klesaunierev@ebay.com,FALSE,7.51218E+15
3,klesaunierev@ebay.com,FALSE,5.02456E+15
0,wharmestonew@hud.gov,TRUE,0
1,wharmestonew@hud.gov,FALSE,3.52727E+15
2,wharmestonew@hud.gov,FALSE,2.06682E+15
0,lmillettex@google.nl,TRUE,0
1,lmillettex@google.nl,FALSE,8.75793E+15
0,psedworthey@cornell.edu,TRUE,0
1,psedworthey@cornell.edu,FALSE,7.388E+15
2,psedworthey@cornell.edu,FALSE,6.61552E+15
3,psedworthey@cornell.edu,FALSE,9.06003E+15
0,mvereganez@google.com,TRUE,0
1,mvereganez@google.com,FALSE,2.59205E+15
0,rlettingtonf0@admin.ch,TRUE,0
0,mowensonf1@ovh.net,TRUE,0
0,jmolineauxf2@1688.com,TRUE,0
0,smaccarterf3@mediafire.com,TRUE,0
0,smoonf4@independent.co.uk,TRUE,0
1,smoonf4@independent.co.uk,FALSE,7.34618E+15
2,smoonf4@independent.co.uk,FALSE,4.90485E+15
0,cunwinf5@paypal.com,TRUE,0
0,jseerf6@bbb.org,TRUE,0
0,acoursf7@cbslocal.com,TRUE,0
1,acoursf7@cbslocal.com,FALSE,3.80456E+15
0,rtavernorf8@ebay.co.uk,TRUE,0
0,falwinf9@multiply.com,TRUE,0
1,falwinf9@multiply.com,FALSE,3.69252E+15
2,falwinf9@multiply.com,FALSE,7.00259E+15
0,ehannawayfa@4shared.com,TRUE,0
1,ehannawayfa@4shared.com,FALSE,5.45891E+15
0,hrouxfb@altervista.org,TRUE,0
0,lbuzzingfc@ezinearticles.com,TRUE,0
0,avenardfd@spiegel.de,TRUE,0
1,avenardfd@spiegel.de,FALSE,9.52804E+15
0,vgreenheadfe@miibeian.gov.cn,TRUE,0
1,vgreenheadfe@miibeian.gov.cn,FALSE,9.61054E+15
2,vgreenheadfe@miibeian.gov.cn,FALSE,2.63055E+15
3,vgreenheadfe@miibeian.gov.cn,FALSE,2.98185E+15
0,crallsff@ifeng.com,TRUE,0
1,crallsff@ifeng.com,FALSE,4.1808E+15
2,crallsff@ifeng.com,FALSE,4.10096E+15
0,agriswaitefg@altervista.org,TRUE,0
0,sbrisbanefh@businessweek.com,TRUE,0
1,sbrisbanefh@businessweek.com,FALSE,2.58888E+15
0,nhargessfi@163.com,TRUE,0
0,tgorrissenfj@google.ru,TRUE,0
1,tgorrissenfj@google.ru,FALSE,9.46853E+15
2,tgorrissenfj@google.ru,FALSE,8.73515E+15
3,tgorrissenfj@google.ru,FALSE,8.52381E+15
0,nblandfk@tamu.edu,TRUE,0
0,rcurlingfl@mozilla.org,TRUE,0
0,rmacdiarmondfm@ezinearticles.com,TRUE,0
0,mhyamsfn@hostgator.com,TRUE,0
1,mhyamsfn@hostgator.com,FALSE,4.94915E+15
2,mhyamsfn@hostgator.com,FALSE,4.02445E+15
3,mhyamsfn@hostgator.com,FALSE,3.01699E+15
0,tpattiefo@histats.com,TRUE,0
1,tpattiefo@histats.com,FALSE,7.90015E+15
0,amatevosianfp@wikipedia.org,TRUE,0
1,amatevosianfp@wikipedia.org,FALSE,1.13546E+15
2,amatevosianfp@wikipedia.org,FALSE,5.93491E+15
0,rtemlettfq@bluehost.com,TRUE,0
1,rtemlettfq@bluehost.com,FALSE,8.59759E+15
2,rtemlettfq@bluehost.com,FALSE,4.32885E+15
3,rtemlettfq@bluehost.com,FALSE,9.16073E+15
0,bpellamonutenfr@com.com,TRUE,0
1,bpellamonutenfr@com.com,FALSE,9.4378E+15
2,bpellamonutenfr@com.com,FALSE,5.09976E+15
0,groachfs@archive.org,TRUE,0
0,kvartyft@alibaba.com,TRUE,0
1,kvartyft@alibaba.com,FALSE,1.03456E+15
0,aeddiesfu@house.gov,TRUE,0
0,ggoldspinkfv@nydailynews.com,TRUE,0
0,ssimmsfw@hugedomains.com,TRUE,0
1,ssimmsfw@hugedomains.com,FALSE,8.23872E+15
0,fmacanelleyfx@fotki.com,TRUE,0
0,kcantuafy@omniture.com,TRUE,0
1,kcantuafy@omniture.com,FALSE,9.02994E+15
0,rbaniardfz@patch.com,TRUE,0
0,jfluckerg0@squidoo.com,TRUE,0
1,jfluckerg0@squidoo.com,FALSE,1.87959E+15
2,jfluckerg0@squidoo.com,FALSE,7.30219E+15
0,tsalomong1@fastcompany.com,TRUE,0
1,tsalomong1@fastcompany.com,FALSE,4.72377E+15
2,tsalomong1@fastcompany.com,FALSE,1.35534E+15
3,tsalomong1@fastcompany.com,FALSE,4.98187E+15
0,lvenusg2@networkadvertising.org,TRUE,0
1,lvenusg2@networkadvertising.org,FALSE,6.18727E+15
2,lvenusg2@networkadvertising.org,FALSE,4.32622E+15
3,lvenusg2@networkadvertising.org,FALSE,3.00432E+15
0,sbraccog3@unc.edu,TRUE,0
1,sbraccog3@unc.edu,FALSE,1.15909E+15
0,lmccaughrang4@microsoft.com,TRUE,0
1,lmccaughrang4@microsoft.com,FALSE,8.65179E+15
2,lmccaughrang4@microsoft.com,FALSE,7.94454E+15
3,lmccaughrang4@microsoft.com,FALSE,6.25514E+15
0,gaslettg5@nsw.gov.au,TRUE,0
1,gaslettg5@nsw.gov.au,FALSE,7.97849E+15
0,ddaudg6@marriott.com,TRUE,0
1,ddaudg6@marriott.com,FALSE,5.55511E+15
2,ddaudg6@marriott.com,FALSE,2.61559E+15
3,ddaudg6@marriott.com,FALSE,1.66196E+15
0,aburwoodg7@nbcnews.com,TRUE,0
1,aburwoodg7@nbcnews.com,FALSE,5.38999E+15
0,ebeardsdaleg8@a8.net,TRUE,0
0,rkerkhamg9@independent.co.uk,TRUE,0
1,rkerkhamg9@independent.co.uk,FALSE,2.51525E+15
0,bslogrovega@huffingtonpost.com,TRUE,0
0,trealphgb@google.cn,TRUE,0
1,trealphgb@google.cn,FALSE,1.2659E+15
0,scaldecourtgc@npr.org,TRUE,0
0,rfrippgd@youtube.com,TRUE,0
1,rfrippgd@youtube.com,FALSE,7.27922E+15
0,apiersonge@dailymotion.com,TRUE,0
0,lbettanaygf@1688.com,TRUE,0
0,croughleygg@merriam-webster.com,TRUE,0
0,cizhakgh@toplist.cz,TRUE,0
0,jhaddockgi@ebay.co.uk,TRUE,0
1,jhaddockgi@ebay.co.uk,FALSE,6.92088E+15
2,jhaddockgi@ebay.co.uk,FALSE,8.97858E+15
3,jhaddockgi@ebay.co.uk,FALSE,4.50403E+15
0,niaduccelligj@ted.com,TRUE,0
1,niaduccelligj@ted.com,FALSE,9.85886E+15
2,niaduccelligj@ted.com,FALSE,1.77198E+15
3,niaduccelligj@ted.com,FALSE,9.43807E+15
0,hwagenengk@mysql.com,TRUE,0
1,hwagenengk@mysql.com,FALSE,7.18837E+15
2,hwagenengk@mysql.com,FALSE,7.6013E+15
0,dgebhardgl@issuu.com,TRUE,0
1,dgebhardgl@issuu.com,FALSE,1.79474E+15
2,dgebhardgl@issuu.com,FALSE,9.90408E+15
3,dgebhardgl@issuu.com,FALSE,2.20779E+15
0,sbozwardgm@altervista.org,TRUE,0
1,sbozwardgm@altervista.org,FALSE,8.99378E+15
2,sbozwardgm@altervista.org,FALSE,6.3883E+15
0,nhugnetgn@1688.com,TRUE,0
1,nhugnetgn@1688.com,FALSE,2.23674E+15
2,nhugnetgn@1688.com,FALSE,4.19068E+15
3,nhugnetgn@1688.com,FALSE,7.34201E+15
0,tkinetongo@bloglovin.com,TRUE,0
1,tkinetongo@bloglovin.com,FALSE,9.74295E+15
2,tkinetongo@bloglovin.com,FALSE,3.39022E+15
0,tediegp@usda.gov,TRUE,0
0,pandrassygq@bbb.org,TRUE,0
1,pandrassygq@bbb.org,FALSE,7.70745E+15
0,tethingtongr@amazonaws.com,TRUE,0
0,ashowellgs@uiuc.edu,TRUE,0
0,csimenotgt@disqus.com,TRUE,0
0,eputtockgu@pcworld.com,TRUE,0
1,eputtockgu@pcworld.com,FALSE,9.65951E+15
2,eputtockgu@pcworld.com,FALSE,5.03683E+15
0,ddowsgv@whitehouse.gov,TRUE,0
1,ddowsgv@whitehouse.gov,FALSE,8.65636E+15
2,ddowsgv@whitehouse.gov,FALSE,9.15431E+15
3,ddowsgv@whitehouse.gov,FALSE,7.58844E+15
0,slangshawgw@ycombinator.com,TRUE,0
1,slangshawgw@ycombinator.com,FALSE,9.23336E+15
0,wskellongx@purevolume.com,TRUE,0
1,wskellongx@purevolume.com,FALSE,8.95255E+15
0,hwittletongy@ezinearticles.com,TRUE,0
0,gperrengz@cam.ac.uk,TRUE,0
1,gperrengz@cam.ac.uk,FALSE,9.90957E+15
2,gperrengz@cam.ac.uk,FALSE,1.16585E+15
3,gperrengz@cam.ac.uk,FALSE,5.3622E+15
0,dkenerh0@ox.ac.uk,TRUE,0
0,caggeth1@google.com,TRUE,0
0,btuffellh2@wisc.edu,TRUE,0
0,klittlejohnh3@acquirethisname.com,TRUE,0
1,klittlejohnh3@acquirethisname.com,FALSE,9.70872E+15
2,klittlejohnh3@acquirethisname.com,FALSE,4.24555E+15
3,klittlejohnh3@acquirethisname.com,FALSE,3.66837E+15
0,kfitzsymondsh4@time.com,TRUE,0
1,kfitzsymondsh4@time.com,FALSE,9.5781E+15
0,hidneyh5@seattletimes.com,TRUE,0
0,lcomolettih6@seesaa.net,TRUE,0
1,lcomolettih6@seesaa.net,FALSE,1.52687E+15
2,lcomolettih6@seesaa.net,FALSE,2.86761E+15
3,lcomolettih6@seesaa.net,FALSE,2.78645E+15
0,jvanstoneh7@xing.com,TRUE,0
1,jvanstoneh7@xing.com,FALSE,6.98112E+15
0,zcadiganh8@sitemeter.com,TRUE,0
1,zcadiganh8@sitemeter.com,FALSE,9.72222E+15
2,zcadiganh8@sitemeter.com,FALSE,2.85113E+15
0,jmahoodh9@ox.ac.uk,TRUE,0
0,sglennieha@google.ca,TRUE,0
1,sglennieha@google.ca,FALSE,4.69268E+15
2,sglennieha@google.ca,FALSE,7.00352E+15
3,sglennieha@google.ca,FALSE,2.66583E+15
0,hdreganhb@reddit.com,TRUE,0
1,hdreganhb@reddit.com,FALSE,7.89205E+15
2,hdreganhb@reddit.com,FALSE,8.15181E+15
3,hdreganhb@reddit.com,FALSE,6.3365E+15
0,iedmonsonhc@chron.com,TRUE,0
0,wslyfordhd@addthis.com,TRUE,0
1,wslyfordhd@addthis.com,FALSE,2.76876E+15
2,wslyfordhd@addthis.com,FALSE,6.77241E+15
3,wslyfordhd@addthis.com,FALSE,1.42102E+15
0,rgioanihe@cdc.gov,TRUE,0
1,rgioanihe@cdc.gov,FALSE,6.37619E+15
2,rgioanihe@cdc.gov,FALSE,9.33593E+15
3,rgioanihe@cdc.gov,FALSE,7.58211E+15
0,aguineryhf@blogs.com,TRUE,0
1,aguineryhf@blogs.com,FALSE,9.40575E+15
2,aguineryhf@blogs.com,FALSE,8.88247E+15
0,hpargetterhg@dyndns.org,TRUE,0
0,sschererhh@yandex.ru,TRUE,0
0,bgilsthorpehi@trellian.com,TRUE,0
1,bgilsthorpehi@trellian.com,FALSE,5.84962E+15
0,ktuxsellhj@businessinsider.com,TRUE,0
0,areameshk@1und1.de,TRUE,0
1,areameshk@1und1.de,FALSE,6.11791E+15
0,bgatlandhl@printfriendly.com,TRUE,0
0,mborehamhm@i2i.jp,TRUE,0
1,mborehamhm@i2i.jp,FALSE,4.81488E+15
2,mborehamhm@i2i.jp,FALSE,5.73516E+15
0,pbrollyhn@eventbrite.com,TRUE,0
1,pbrollyhn@eventbrite.com,FALSE,6.20416E+15
0,rvalenciaho@bandcamp.com,TRUE,0
0,vscarbarrowhp@cbsnews.com,TRUE,0
1,vscarbarrowhp@cbsnews.com,FALSE,5.32939E+15
0,lwacklyhq@weibo.com,TRUE,0
0,rghionhr@whitehouse.gov,TRUE,0
1,rghionhr@whitehouse.gov,FALSE,7.34462E+15
2,rghionhr@whitehouse.gov,FALSE,9.41418E+15
0,aelandhs@trellian.com,TRUE,0
1,aelandhs@trellian.com,FALSE,1.66363E+15
0,dgrishaninht@godaddy.com,TRUE,0
1,dgrishaninht@godaddy.com,FALSE,6.84517E+15
2,dgrishaninht@godaddy.com,FALSE,2.14078E+15
3,dgrishaninht@godaddy.com,FALSE,9.40214E+15
0,bwoodyerhu@archive.org,TRUE,0
1,bwoodyerhu@archive.org,FALSE,1.9076E+15
0,dletthv@ed.gov,TRUE,0
1,dletthv@ed.gov,FALSE,4.92946E+15
2,dletthv@ed.gov,FALSE,3.54296E+15
0,wslaterhw@cornell.edu,TRUE,0
1,wslaterhw@cornell.edu,FALSE,3.62602E+15
0,catlayhx@imdb.com,TRUE,0
1,catlayhx@imdb.com,FALSE,5.29705E+15
2,catlayhx@imdb.com,FALSE,3.11906E+15
0,akachellerhy@zdnet.com,TRUE,0
1,akachellerhy@zdnet.com,FALSE,4.13584E+15
2,akachellerhy@zdnet.com,FALSE,3.66828E+15
0,hleahyhz@twitter.com,TRUE,0
1,hleahyhz@twitter.com,FALSE,6.17531E+15
2,hleahyhz@twitter.com,FALSE,1.34681E+15
3,hleahyhz@twitter.com,FALSE,9.57013E+15
0,gmucklestoni0@apple.com,TRUE,0
0,mrihoseki1@ft.com,TRUE,0
1,mrihoseki1@ft.com,FALSE,4.17315E+15
0,gbeverstocki2@xinhuanet.com,TRUE,0
0,vkubini3@springer.com,TRUE,0
1,vkubini3@springer.com,FALSE,6.24729E+15
0,ratleyi4@csmonitor.com,TRUE,0
1,ratleyi4@csmonitor.com,FALSE,1.18678E+15
2,ratleyi4@csmonitor.com,FALSE,3.39329E+15
0,aipsgravei5@flickr.com,TRUE,0
1,aipsgravei5@flickr.com,FALSE,6.48291E+15
0,lhughsi6@harvard.edu,TRUE,0
1,lhughsi6@harvard.edu,FALSE,7.88549E+15
0,etomaelloi7@free.fr,TRUE,0
1,etomaelloi7@free.fr,FALSE,9.24182E+15
2,etomaelloi7@free.fr,FALSE,2.70739E+15
3,etomaelloi7@free.fr,FALSE,1.27846E+15
0,gtuplingi8@discuz.net,TRUE,0
1,gtuplingi8@discuz.net,FALSE,2.05719E+15
2,gtuplingi8@discuz.net,FALSE,7.47461E+15
3,gtuplingi8@discuz.net,FALSE,4.21837E+15
0,mbarthoti9@reuters.com,TRUE,0
1,mbarthoti9@reuters.com,FALSE,1.73915E+15
2,mbarthoti9@reuters.com,FALSE,8.61172E+15
3,mbarthoti9@reuters.com,FALSE,8.67532E+15
0,jchesselia@smh.com.au,TRUE,0
0,dtowleib@technorati.com,TRUE,0
0,jpoppingic@pagesperso-orange.fr,TRUE,0
1,jpoppingic@pagesperso-orange.fr,FALSE,6.73898E+15
0,gosmundid@aol.com,TRUE,0
0,wcreaseie@alibaba.com,TRUE,0
1,wcreaseie@alibaba.com,FALSE,2.10663E+15
0,bkeniwellif@surveymonkey.com,TRUE,0
1,bkeniwellif@surveymonkey.com,FALSE,2.86518E+15
2,bkeniwellif@surveymonkey.com,FALSE,7.23538E+15
0,callewellig@rambler.ru,TRUE,0
0,mcammiemileih@unc.edu,TRUE,0
0,hausherii@businesswire.com,TRUE,0
0,imcgillivrayij@wix.com,TRUE,0
1,imcgillivrayij@wix.com,FALSE,9.18724E+15
2,imcgillivrayij@wix.com,FALSE,7.4657E+15
3,imcgillivrayij@wix.com,FALSE,9.08956E+15
0,jmacdowalik@blogger.com,TRUE,0
1,jmacdowalik@blogger.com,FALSE,2.50733E+15
0,bathyil@youtu.be,TRUE,0
1,bathyil@youtu.be,FALSE,4.40321E+15
2,bathyil@youtu.be,FALSE,7.71445E+15
3,bathyil@youtu.be,FALSE,2.75625E+15
0,drusselim@state.tx.us,TRUE,0
1,drusselim@state.tx.us,FALSE,4.92278E+15
2,drusselim@state.tx.us,FALSE,6.68509E+15
0,dondricekin@simplemachines.org,TRUE,0
0,cberickio@dot.gov,TRUE,0
1,cberickio@dot.gov,FALSE,5.11961E+15
0,rlongoip@ameblo.jp,TRUE,0
1,rlongoip@ameblo.jp,FALSE,3.43496E+15
2,rlongoip@ameblo.jp,FALSE,2.48957E+15
3,rlongoip@ameblo.jp,FALSE,1.38053E+15
0,kwieldiq@1688.com,TRUE,0
0,dmatiashviliir@jigsy.com,TRUE,0
1,dmatiashviliir@jigsy.com,FALSE,9.44029E+15
2,dmatiashviliir@jigsy.com,FALSE,8.37406E+15
0,kdevonportis@1und1.de,TRUE,0
1,kdevonportis@1und1.de,FALSE,1.32762E+15
2,kdevonportis@1und1.de,FALSE,7.72675E+15
0,fmogerit@github.com,TRUE,0
1,fmogerit@github.com,FALSE,3.37793E+15
0,adrawmeriu@symantec.com,TRUE,0
1,adrawmeriu@symantec.com,FALSE,9.26207E+15
2,adrawmeriu@symantec.com,FALSE,9.60505E+15
3,adrawmeriu@symantec.com,FALSE,8.84739E+15
0,hwineariv@vistaprint.com,TRUE,0
1,hwineariv@vistaprint.com,FALSE,6.76015E+15
2,hwineariv@vistaprint.com,FALSE,2.496E+15
0,ltophamiw@mit.edu,TRUE,0
1,ltophamiw@mit.edu,FALSE,7.89716E+15
0,wbaldiix@cdbaby.com,TRUE,0
1,wbaldiix@cdbaby.com,FALSE,5.28545E+15
2,wbaldiix@cdbaby.com,FALSE,2.98663E+15
3,wbaldiix@cdbaby.com,FALSE,8.79973E+15
0,swooleniy@discovery.com,TRUE,0
0,bvenneriz@mac.com,TRUE,0
1,bvenneriz@mac.com,FALSE,2.31388E+15
2,bvenneriz@mac.com,FALSE,3.73462E+15
3,bvenneriz@mac.com,FALSE,2.65348E+15
0,dwaytej0@state.tx.us,TRUE,0
1,dwaytej0@state.tx.us,FALSE,7.83619E+15
0,ykillbeyj1@auda.org.au,TRUE,0
0,rcopingj2@canalblog.com,TRUE,0
0,pverzeyj3@usatoday.com,TRUE,0
0,ahenkmannj4@yellowpages.com,TRUE,0
0,caubreyj5@intel.com,TRUE,0
0,pbrithmanj6@digg.com,TRUE,0
0,epleveyj7@goodreads.com,TRUE,0
0,apeddelj8@blinklist.com,TRUE,0
0,tjohnsonj9@bbb.org,TRUE,0
0,fsalwayja@bloomberg.com,TRUE,0
1,fsalwayja@bloomberg.com,FALSE,6.25702E+15
0,ybarnewelljb@cnbc.com,TRUE,0
0,nrallinjc@issuu.com,TRUE,0
1,nrallinjc@issuu.com,FALSE,8.64704E+15
0,gappsjd@friendfeed.com,TRUE,0
1,gappsjd@friendfeed.com,FALSE,1.15246E+15
2,gappsjd@friendfeed.com,FALSE,6.59069E+15
0,ebrimfieldje@yellowpages.com,TRUE,0
1,ebrimfieldje@yellowpages.com,FALSE,7.89665E+15
2,ebrimfieldje@yellowpages.com,FALSE,1.54022E+15
0,afiginjf@i2i.jp,TRUE,0
0,esictornesjg@pen.io,TRUE,0
0,smcdouglejh@samsung.com,TRUE,0
1,smcdouglejh@samsung.com,FALSE,1.0445E+15
2,smcdouglejh@samsung.com,FALSE,8.64861E+15
3,smcdouglejh@samsung.com,FALSE,6.35069E+15
0,grushmereji@cbc.ca,TRUE,0
0,sdurrelljj@amazonaws.com,TRUE,0
0,ffouldjk@toplist.cz,TRUE,0
1,ffouldjk@toplist.cz,FALSE,4.27443E+15
2,ffouldjk@toplist.cz,FALSE,7.91004E+15
0,kcaldecourtjl@sitemeter.com,TRUE,0
1,kcaldecourtjl@sitemeter.com,FALSE,1.6018E+15
2,kcaldecourtjl@sitemeter.com,FALSE,3.4485E+15
3,kcaldecourtjl@sitemeter.com,FALSE,4.35514E+15
0,kjarleyjm@thetimes.co.uk,TRUE,0
0,nbuyjn@senate.gov,TRUE,0
0,csherbournejo@wikispaces.com,TRUE,0
1,csherbournejo@wikispaces.com,FALSE,1.40091E+15
0,esamberjp@loc.gov,TRUE,0
1,esamberjp@loc.gov,FALSE,9.0436E+15
2,esamberjp@loc.gov,FALSE,5.11493E+15
3,esamberjp@loc.gov,FALSE,4.34757E+15
0,sdiegojq@cmu.edu,TRUE,0
0,vgrunwaldjr@arstechnica.com,TRUE,0
1,vgrunwaldjr@arstechnica.com,FALSE,7.80715E+15
2,vgrunwaldjr@arstechnica.com,FALSE,6.17507E+15
3,vgrunwaldjr@arstechnica.com,FALSE,4.07013E+15
0,acantujs@sun.com,TRUE,0
1,acantujs@sun.com,FALSE,6.34267E+15
2,acantujs@sun.com,FALSE,5.41726E+15
0,hswinjt@soundcloud.com,TRUE,0
1,hswinjt@soundcloud.com,FALSE,4.49189E+15
2,hswinjt@soundcloud.com,FALSE,1.98656E+15
0,dcoolbearju@theatlantic.com,TRUE,0
0,fbetancourtjv@trellian.com,TRUE,0
0,lbishoppjw@blogger.com,TRUE,0
1,lbishoppjw@blogger.com,FALSE,9.87045E+15
2,lbishoppjw@blogger.com,FALSE,4.1325E+15
3,lbishoppjw@blogger.com,FALSE,5.36333E+15
0,lmollattjx@un.org,TRUE,0
0,cganterjy@digg.com,TRUE,0
1,cganterjy@digg.com,FALSE,4.05816E+15
2,cganterjy@digg.com,FALSE,9.6753E+15
0,glarcherjz@t-online.de,TRUE,0
1,glarcherjz@t-online.de,FALSE,2.8462E+15
2,glarcherjz@t-online.de,FALSE,4.01525E+15
3,glarcherjz@t-online.de,FALSE,2.50579E+15
0,msaunierk0@constantcontact.com,TRUE,0
1,msaunierk0@constantcontact.com,FALSE,4.17641E+15
2,msaunierk0@constantcontact.com,FALSE,7.83927E+15
3,msaunierk0@constantcontact.com,FALSE,3.19562E+15
0,tlevecquek1@unc.edu,TRUE,0
0,iheinschkek2@businessinsider.com,TRUE,0
0,kcasottik3@harvard.edu,TRUE,0
0,rmesiask4@icq.com,TRUE,0
0,sbaptistek5@youtu.be,TRUE,0
0,aduesberryk6@qq.com,TRUE,0
1,aduesberryk6@qq.com,FALSE,4.01329E+15
0,trendlek7@arstechnica.com,TRUE,0
0,amcglaughnk8@issuu.com,TRUE,0
1,amcglaughnk8@issuu.com,FALSE,1.58014E+15
0,tvolkk9@huffingtonpost.com,TRUE,0
1,tvolkk9@huffingtonpost.com,FALSE,1.20224E+15
0,dgiaomozzoka@nih.gov,TRUE,0
1,dgiaomozzoka@nih.gov,FALSE,8.62631E+15
0,wadlemkb@mapquest.com,TRUE,0
1,wadlemkb@mapquest.com,FALSE,2.05232E+15
0,vbarrowcliffkc@angelfire.com,TRUE,0
1,vbarrowcliffkc@angelfire.com,FALSE,5.77233E+15
2,vbarrowcliffkc@angelfire.com,FALSE,2.34631E+15
3,vbarrowcliffkc@angelfire.com,FALSE,1.63874E+15
0,rcaulketkd@cloudflare.com,TRUE,0
1,rcaulketkd@cloudflare.com,FALSE,7.75225E+15
0,gkewishke@flickr.com,TRUE,0
1,gkewishke@flickr.com,FALSE,8.95948E+15
0,gbraybrookskf@globo.com,TRUE,0
1,gbraybrookskf@globo.com,FALSE,7.41953E+15
2,gbraybrookskf@globo.com,FALSE,7.53086E+15
3,gbraybrookskf@globo.com,FALSE,3.20129E+15
0,ldrancekg@cbslocal.com,TRUE,0
1,ldrancekg@cbslocal.com,FALSE,5.6952E+15
0,gfrostkh@live.com,TRUE,0
1,gfrostkh@live.com,FALSE,2.6359E+15
2,gfrostkh@live.com,FALSE,6.54129E+15
0,ejedrzejki@pen.io,TRUE,0
0,fmcnuffkj@statcounter.com,TRUE,0
0,cruppertzkk@elegantthemes.com,TRUE,0
0,vbrasnerkl@huffingtonpost.com,TRUE,0
0,tshopcottkm@over-blog.com,TRUE,0
1,tshopcottkm@over-blog.com,FALSE,8.03988E+15
0,apennettikn@yahoo.co.jp,TRUE,0
0,ndownsko@typepad.com,TRUE,0
0,ltrattonkp@arizona.edu,TRUE,0
1,ltrattonkp@arizona.edu,FALSE,7.71407E+15
0,akolinskykq@wsj.com,TRUE,0
1,akolinskykq@wsj.com,FALSE,4.18917E+15
2,akolinskykq@wsj.com,FALSE,1.21224E+15
0,vduseykr@sun.com,TRUE,0
0,smcpheatks@seesaa.net,TRUE,0
1,smcpheatks@seesaa.net,FALSE,6.86504E+15
0,laaronsonkt@usatoday.com,TRUE,0
1,laaronsonkt@usatoday.com,FALSE,1.81236E+15
2,laaronsonkt@usatoday.com,FALSE,1.42914E+15
0,lsiaspinskiku@intel.com,TRUE,0
0,fdicksonkv@upenn.edu,TRUE,0
1,fdicksonkv@upenn.edu,FALSE,4.36885E+15
2,fdicksonkv@upenn.edu,FALSE,3.09652E+15
3,fdicksonkv@upenn.edu,FALSE,3.91052E+15
0,ipregelkw@delicious.com,TRUE,0
1,ipregelkw@delicious.com,FALSE,4.10882E+15
2,ipregelkw@delicious.com,FALSE,5.70547E+15
3,ipregelkw@delicious.com,FALSE,2.05235E+15
0,dwetherickkx@walmart.com,TRUE,0
1,dwetherickkx@walmart.com,FALSE,4.98641E+15
0,wpeiserky@mysql.com,TRUE,0
0,khoxeykz@uol.com.br,TRUE,0
0,kwagenl0@loc.gov,TRUE,0
1,kwagenl0@loc.gov,FALSE,4.14322E+15
2,kwagenl0@loc.gov,FALSE,2.85086E+15
3,kwagenl0@loc.gov,FALSE,6.76969E+15
0,hputtnaml1@networksolutions.com,TRUE,0
1,hputtnaml1@networksolutions.com,FALSE,4.80737E+15
2,hputtnaml1@networksolutions.com,FALSE,6.747E+15
3,hputtnaml1@networksolutions.com,FALSE,1.08735E+15
0,cbaskwelll2@va.gov,TRUE,0
0,laronsteinl3@google.es,TRUE,0
0,llogesdalel4@wordpress.com,TRUE,0
0,swhelanl5@slideshare.net,TRUE,0
1,swhelanl5@slideshare.net,FALSE,2.02273E+15
0,dsarfasl6@latimes.com,TRUE,0
0,mkoppell7@forbes.com,TRUE,0
1,mkoppell7@forbes.com,FALSE,4.94598E+15
0,ngeeritzl8@jugem.jp,TRUE,0
1,ngeeritzl8@jugem.jp,FALSE,5.47163E+15
2,ngeeritzl8@jugem.jp,FALSE,5.96787E+15
0,gyarrl9@wix.com,TRUE,0
0,tverbeekla@feedburner.com,TRUE,0
1,tverbeekla@feedburner.com,FALSE,9.24421E+15
2,tverbeekla@feedburner.com,FALSE,4.56384E+15
3,tverbeekla@feedburner.com,FALSE,8.28867E+15
0,agouldthorpelb@webs.com,TRUE,0
0,khastylc@go.com,TRUE,0
1,khastylc@go.com,FALSE,7.28849E+15
2,khastylc@go.com,FALSE,6.33717E+15
0,fgrigorld@comcast.net,TRUE,0
0,jmaccallamle@lulu.com,TRUE,0
1,jmaccallamle@lulu.com,FALSE,9.0419E+15
0,pattowlf@oracle.com,TRUE,0
0,lbreukelmanlg@51.la,TRUE,0
0,jkahanlh@google.it,TRUE,0
1,jkahanlh@google.it,FALSE,4.24352E+15
2,jkahanlh@google.it,FALSE,8.36045E+15
0,lbudikli@ocn.ne.jp,TRUE,0
1,lbudikli@ocn.ne.jp,FALSE,6.02814E+15
2,lbudikli@ocn.ne.jp,FALSE,9.47042E+15
3,lbudikli@ocn.ne.jp,FALSE,5.60556E+15
0,gmurriganlj@mapquest.com,TRUE,0
0,cdunkerklk@photobucket.com,TRUE,0
1,cdunkerklk@photobucket.com,FALSE,2.41188E+15
2,cdunkerklk@photobucket.com,FALSE,6.7543E+15
3,cdunkerklk@photobucket.com,FALSE,7.40975E+15
0,klackintonll@admin.ch,TRUE,0
1,klackintonll@admin.ch,FALSE,7.17924E+15
0,jleppardlm@ibm.com,TRUE,0
0,jhillabyln@wikia.com,TRUE,0
1,jhillabyln@wikia.com,FALSE,9.55151E+15
0,agibbettslo@creativecommons.org,TRUE,0
0,cchazelaslp@sourceforge.net,TRUE,0
0,sblydelq@qq.com,TRUE,0
0,dblandamorelr@pen.io,TRUE,0
1,dblandamorelr@pen.io,FALSE,6.27369E+15
2,dblandamorelr@pen.io,FALSE,4.06415E+15
0,pdockrillls@weather.com,TRUE,0
1,pdockrillls@weather.com,FALSE,6.92667E+15
2,pdockrillls@weather.com,FALSE,4.73432E+15
0,iperfililt@cargocollective.com,TRUE,0
0,cgrimseylu@nationalgeographic.com,TRUE,0
1,cgrimseylu@nationalgeographic.com,FALSE,8.05696E+15
2,cgrimseylu@nationalgeographic.com,FALSE,3.62133E+15
0,mribalv@home.pl,TRUE,0
1,mribalv@home.pl,FALSE,5.63826E+15
2,mribalv@home.pl,FALSE,4.3653E+15
0,cgaveylw@sogou.com,TRUE,0
0,ipetkoviclx@naver.com,TRUE,0
1,ipetkoviclx@naver.com,FALSE,9.6052E+15
2,ipetkoviclx@naver.com,FALSE,3.48072E+15
3,ipetkoviclx@naver.com,FALSE,6.26295E+15
0,sleaskly@amazon.co.jp,TRUE,0
0,skellslz@pen.io,TRUE,0
1,skellslz@pen.io,FALSE,1.65369E+15
2,skellslz@pen.io,FALSE,3.41373E+15
0,jwaisonm0@upenn.edu,TRUE,0
1,jwaisonm0@upenn.edu,FALSE,7.83774E+15
2,jwaisonm0@upenn.edu,FALSE,7.58451E+15
0,hkirwanm1@google.com,TRUE,0
1,hkirwanm1@google.com,FALSE,8.7096E+15
0,ltomasellim2@chicagotribune.com,TRUE,0
0,kjanecekm3@4shared.com,TRUE,0
0,npaprotnym4@prweb.com,TRUE,0
1,npaprotnym4@prweb.com,FALSE,9.95616E+15
0,ltraversm5@theatlantic.com,TRUE,0
1,ltraversm5@theatlantic.com,FALSE,3.01885E+15
2,ltraversm5@theatlantic.com,FALSE,3.44411E+15
3,ltraversm5@theatlantic.com,FALSE,9.79921E+15
0,ahaithm6@sogou.com,TRUE,0
1,ahaithm6@sogou.com,FALSE,2.08288E+15
0,tpettkom7@feedburner.com,TRUE,0
0,aaltym8@imgur.com,TRUE,0
1,aaltym8@imgur.com,FALSE,5.28685E+15
2,aaltym8@imgur.com,FALSE,1.28529E+15
3,aaltym8@imgur.com,FALSE,9.17353E+15
0,cluesleym9@hexun.com,TRUE,0
0,crowlinsonma@apache.org,TRUE,0
1,crowlinsonma@apache.org,FALSE,8.26496E+15
0,msimanekmb@time.com,TRUE,0
1,msimanekmb@time.com,FALSE,8.89588E+15
0,aanthonymc@shutterfly.com,TRUE,0
0,sgennmd@360.cn,TRUE,0
0,sstratheme@nationalgeographic.com,TRUE,0
1,sstratheme@nationalgeographic.com,FALSE,3.34905E+15
2,sstratheme@nationalgeographic.com,FALSE,2.80374E+15
3,sstratheme@nationalgeographic.com,FALSE,7.80225E+15
0,dtrahmelmf@fotki.com,TRUE,0
1,dtrahmelmf@fotki.com,FALSE,6.36044E+15
2,dtrahmelmf@fotki.com,FALSE,4.94666E+15
3,dtrahmelmf@fotki.com,FALSE,9.81092E+15
0,fchestermg@icio.us,TRUE,0
1,fchestermg@icio.us,FALSE,2.8135E+15
2,fchestermg@icio.us,FALSE,7.13898E+15
0,fleistmh@ehow.com,TRUE,0
1,fleistmh@ehow.com,FALSE,5.99573E+15
2,fleistmh@ehow.com,FALSE,4.04502E+15
3,fleistmh@ehow.com,FALSE,6.19502E+15
0,rgascoynemi@4shared.com,TRUE,0
1,rgascoynemi@4shared.com,FALSE,6.85551E+15
2,rgascoynemi@4shared.com,FALSE,9.82084E+15
3,rgascoynemi@4shared.com,FALSE,1.9728E+15
0,fmarshlandmj@nyu.edu,TRUE,0
0,cubsdellmk@myspace.com,TRUE,0
1,cubsdellmk@myspace.com,FALSE,1.74469E+15
2,cubsdellmk@myspace.com,FALSE,4.51402E+15
0,dnolletml@loc.gov,TRUE,0
1,dnolletml@loc.gov,FALSE,5.94268E+15
0,sgravestonemm@bbc.co.uk,TRUE,0
1,sgravestonemm@bbc.co.uk,FALSE,9.35657E+15
2,sgravestonemm@bbc.co.uk,FALSE,2.60961E+15
0,gsutcliffmn@quantcast.com,TRUE,0
0,rdoolanmo@ameblo.jp,TRUE,0
0,jflewettmp@nytimes.com,TRUE,0
1,jflewettmp@nytimes.com,FALSE,7.37747E+15
2,jflewettmp@nytimes.com,FALSE,3.50073E+15
0,atowseymq@sitemeter.com,TRUE,0
1,atowseymq@sitemeter.com,FALSE,5.11626E+15
2,atowseymq@sitemeter.com,FALSE,2.74877E+15
3,atowseymq@sitemeter.com,FALSE,7.33593E+15
0,cbuchermr@github.io,TRUE,0
1,cbuchermr@github.io,FALSE,3.85058E+15
0,ascurreyms@studiopress.com,TRUE,0
1,ascurreyms@studiopress.com,FALSE,7.61779E+15
2,ascurreyms@studiopress.com,FALSE,7.18502E+15
3,ascurreyms@studiopress.com,FALSE,9.52233E+15
0,hyssonmt@issuu.com,TRUE,0
1,hyssonmt@issuu.com,FALSE,9.31482E+15
0,palexandremu@g.co,TRUE,0
1,palexandremu@g.co,FALSE,5.17806E+15
0,jfaichmv@dyndns.org,TRUE,0
0,cdukermw@multiply.com,TRUE,0
1,cdukermw@multiply.com,FALSE,5.30424E+15
2,cdukermw@multiply.com,FALSE,9.87547E+15
3,cdukermw@multiply.com,FALSE,2.09417E+15
0,bmccloshmx@cnn.com,TRUE,0
0,tglenfieldmy@disqus.com,TRUE,0
1,tglenfieldmy@disqus.com,FALSE,8.67746E+15
2,tglenfieldmy@disqus.com,FALSE,4.64654E+15
0,gdibiagimz@ihg.com,TRUE,0
1,gdibiagimz@ihg.com,FALSE,3.07406E+15
2,gdibiagimz@ihg.com,FALSE,5.00389E+15
3,gdibiagimz@ihg.com,FALSE,8.64418E+15
0,egosalvezn0@dailymail.co.uk,TRUE,0
0,hbraidn1@mediafire.com,TRUE,0
0,gbreakwelln2@123-reg.co.uk,TRUE,0
1,gbreakwelln2@123-reg.co.uk,FALSE,4.71776E+15
2,gbreakwelln2@123-reg.co.uk,FALSE,9.9868E+15
3,gbreakwelln2@123-reg.co.uk,FALSE,3.05296E+15
0,lgherardescin3@samsung.com,TRUE,0
0,mmorbyn4@cornell.edu,TRUE,0
1,mmorbyn4@cornell.edu,FALSE,1.31561E+15
2,mmorbyn4@cornell.edu,FALSE,7.24378E+15
0,nbeckittn5@slashdot.org,TRUE,0
0,nnewelln6@bbc.co.uk,TRUE,0
0,nhudeln7@cnbc.com,TRUE,0
1,nhudeln7@cnbc.com,FALSE,8.71459E+15
2,nhudeln7@cnbc.com,FALSE,2.41886E+15
0,dcopellin8@senate.gov,TRUE,0
1,dcopellin8@senate.gov,FALSE,6.65815E+15
2,dcopellin8@senate.gov,FALSE,8.13885E+15
0,djonesn9@simplemachines.org,TRUE,0
0,nheartyna@google.fr,TRUE,0
0,dproudlovenb@ftc.gov,TRUE,0
1,dproudlovenb@ftc.gov,FALSE,2.81193E+15
2,dproudlovenb@ftc.gov,FALSE,9.82752E+15
3,dproudlovenb@ftc.gov,FALSE,4.7523E+15
0,wlorencnc@comsenz.com,TRUE,0
1,wlorencnc@comsenz.com,FALSE,7.33686E+15
2,wlorencnc@comsenz.com,FALSE,2.34821E+15
0,eschruurnd@wikipedia.org,TRUE,0
1,eschruurnd@wikipedia.org,FALSE,5.91768E+15
2,eschruurnd@wikipedia.org,FALSE,7.48677E+15
0,dpaulackne@surveymonkey.com,TRUE,0
1,dpaulackne@surveymonkey.com,FALSE,8.92868E+15
0,pthurlownf@answers.com,TRUE,0
1,pthurlownf@answers.com,FALSE,1.04127E+15
2,pthurlownf@answers.com,FALSE,3.38369E+15
0,nhakerng@va.gov,TRUE,0
0,nromagnosinh@is.gd,TRUE,0
0,rgainsburyni@wsj.com,TRUE,0
1,rgainsburyni@wsj.com,FALSE,6.67558E+15
2,rgainsburyni@wsj.com,FALSE,3.33939E+15
0,wcrathernnj@examiner.com,TRUE,0
0,zbathernk@illinois.edu,TRUE,0
1,zbathernk@illinois.edu,FALSE,5.83549E+15
2,zbathernk@illinois.edu,FALSE,8.53439E+15
0,vsomersetnl@de.vu,TRUE,0
0,avannuccininm@ycombinator.com,TRUE,0
0,kdivesnn@paginegialle.it,TRUE,0
1,kdivesnn@paginegialle.it,FALSE,4.52661E+15
2,kdivesnn@paginegialle.it,FALSE,4.54223E+15
3,kdivesnn@paginegialle.it,FALSE,3.92655E+15
0,jmaryanno@comcast.net,TRUE,0
0,malliotnp@eepurl.com,TRUE,0
1,malliotnp@eepurl.com,FALSE,2.67347E+15
2,malliotnp@eepurl.com,FALSE,6.45874E+15
0,egoodennq@samsung.com,TRUE,0
0,nschobernr@webmd.com,TRUE,0
0,bbroxholmens@blogtalkradio.com,TRUE,0
0,sschmuhlnt@github.io,TRUE,0
0,fclimpsonnu@sciencedirect.com,TRUE,0
0,dhyamnv@discuz.net,TRUE,0
1,dhyamnv@discuz.net,FALSE,7.10072E+15
2,dhyamnv@discuz.net,FALSE,5.5636E+15
0,tredsellnw@google.co.jp,TRUE,0
0,dharbernx@cnbc.com,TRUE,0
1,dharbernx@cnbc.com,FALSE,9.99938E+15
2,dharbernx@cnbc.com,FALSE,9.36725E+15
0,jsimonittony@tuttocitta.it,TRUE,0
1,jsimonittony@tuttocitta.it,FALSE,8.44136E+15
2,jsimonittony@tuttocitta.it,FALSE,2.88425E+15
3,jsimonittony@tuttocitta.it,FALSE,1.75096E+15
0,ncisconz@blogs.com,TRUE,0
1,ncisconz@blogs.com,FALSE,9.10611E+15
0,abenceo0@pen.io,TRUE,0
0,fcelando1@spotify.com,TRUE,0
0,rausteno2@intel.com,TRUE,0
1,rausteno2@intel.com,FALSE,8.50204E+15
2,rausteno2@intel.com,FALSE,2.53218E+15
0,xbartelo3@sohu.com,TRUE,0
0,adobrovolnyo4@linkedin.com,TRUE,0
1,adobrovolnyo4@linkedin.com,FALSE,1.30352E+15
2,adobrovolnyo4@linkedin.com,FALSE,5.17034E+15
3,adobrovolnyo4@linkedin.com,FALSE,8.0693E+15
0,amacduffieo5@nih.gov,TRUE,0
0,rcraythorno6@answers.com,TRUE,0
1,rcraythorno6@answers.com,FALSE,7.52036E+15
2,rcraythorno6@answers.com,FALSE,5.4395E+15
0,ccourtino7@google.it,TRUE,0
1,ccourtino7@google.it,FALSE,6.2205E+15
0,wslixbyo8@jiathis.com,TRUE,0
1,wslixbyo8@jiathis.com,FALSE,2.27627E+15
2,wslixbyo8@jiathis.com,FALSE,8.2661E+15
0,csamsino9@state.gov,TRUE,0
0,hdybaldoa@trellian.com,TRUE,0
0,oomannionob@godaddy.com,TRUE,0
1,oomannionob@godaddy.com,FALSE,7.57819E+15
0,zpetricekoc@blogspot.com,TRUE,0
1,zpetricekoc@blogspot.com,FALSE,5.40347E+15
2,zpetricekoc@blogspot.com,FALSE,7.46003E+15
3,zpetricekoc@blogspot.com,FALSE,8.68233E+15
0,cboarleysonod@4shared.com,TRUE,0
1,cboarleysonod@4shared.com,FALSE,8.62458E+15
2,cboarleysonod@4shared.com,FALSE,4.32638E+15
0,dlinesoe@hao123.com,TRUE,0
1,dlinesoe@hao123.com,FALSE,8.86996E+15
2,dlinesoe@hao123.com,FALSE,3.00606E+15
3,dlinesoe@hao123.com,FALSE,8.09578E+15
0,scastrilloof@europa.eu,TRUE,0
0,ovassieog@mozilla.com,TRUE,0
0,xolliveoh@diigo.com,TRUE,0
1,xolliveoh@diigo.com,FALSE,2.417E+15
0,gegiloffoi@va.gov,TRUE,0
0,jackrilloj@joomla.org,TRUE,0
1,jackrilloj@joomla.org,FALSE,4.31331E+15
2,jackrilloj@joomla.org,FALSE,9.50501E+15
3,jackrilloj@joomla.org,FALSE,2.89554E+15
0,pcossingtonok@state.tx.us,TRUE,0
1,pcossingtonok@state.tx.us,FALSE,8.60015E+15
2,pcossingtonok@state.tx.us,FALSE,6.4224E+15
3,pcossingtonok@state.tx.us,FALSE,1.26612E+15
0,sfolominol@biglobe.ne.jp,TRUE,0
0,rvanettiom@cnet.com,TRUE,0
1,rvanettiom@cnet.com,FALSE,5.14291E+15
0,sserganton@ameblo.jp,TRUE,0
0,csonleyoo@sciencedirect.com,TRUE,0
0,slangtryop@free.fr,TRUE,0
1,slangtryop@free.fr,FALSE,9.43697E+15
0,iandreevoq@live.com,TRUE,0
1,iandreevoq@live.com,FALSE,8.18489E+15
0,akermottor@cnbc.com,TRUE,0
1,akermottor@cnbc.com,FALSE,3.82586E+15
2,akermottor@cnbc.com,FALSE,6.15436E+15
0,dcrambieos@nbcnews.com,TRUE,0
1,dcrambieos@nbcnews.com,FALSE,8.25613E+15
2,dcrambieos@nbcnews.com,FALSE,4.25518E+15
0,sbrounot@merriam-webster.com,TRUE,0
0,cmackrillou@webs.com,TRUE,0
1,cmackrillou@webs.com,FALSE,1.90884E+15
2,cmackrillou@webs.com,FALSE,9.11494E+15
3,cmackrillou@webs.com,FALSE,3.41445E+15
0,dmatteoov@imdb.com,TRUE,0
0,bnewgroshow@vimeo.com,TRUE,0
1,bnewgroshow@vimeo.com,FALSE,4.19232E+15
0,tswanborrowox@miitbeian.gov.cn,TRUE,0
0,ccaretoy@nsw.gov.au,TRUE,0
1,ccaretoy@nsw.gov.au,FALSE,2.15508E+15
2,ccaretoy@nsw.gov.au,FALSE,1.73032E+15
3,ccaretoy@nsw.gov.au,FALSE,9.10866E+15
0,gfarbraceoz@dmoz.org,TRUE,0
1,gfarbraceoz@dmoz.org,FALSE,6.71255E+15
2,gfarbraceoz@dmoz.org,FALSE,5.76299E+15
3,gfarbraceoz@dmoz.org,FALSE,5.29815E+15
0,arojahnp0@drupal.org,TRUE,0
1,arojahnp0@drupal.org,FALSE,5.64409E+15
2,arojahnp0@drupal.org,FALSE,7.80491E+15
3,arojahnp0@drupal.org,FALSE,1.02705E+15
0,rrizzardip1@ihg.com,TRUE,0
1,rrizzardip1@ihg.com,FALSE,4.36768E+15
2,rrizzardip1@ihg.com,FALSE,6.25477E+15
3,rrizzardip1@ihg.com,FALSE,2.56747E+15
0,dguillouxp2@dyndns.org,TRUE,0
0,bmaxwellp3@japanpost.jp,TRUE,0
0,rpohlakp4@sfgate.com,TRUE,0
1,rpohlakp4@sfgate.com,FALSE,3.45749E+15
2,rpohlakp4@sfgate.com,FALSE,4.069E+15
0,jwilacotp5@wikia.com,TRUE,0
1,jwilacotp5@wikia.com,FALSE,9.17885E+15
0,twharinp6@over-blog.com,TRUE,0
0,fscholtep7@ow.ly,TRUE,0
1,fscholtep7@ow.ly,FALSE,2.52258E+15
2,fscholtep7@ow.ly,FALSE,4.54551E+15
3,fscholtep7@ow.ly,FALSE,8.29081E+15
0,dchattockp8@opera.com,TRUE,0
1,dchattockp8@opera.com,FALSE,9.19257E+15
0,hbackesp9@usatoday.com,TRUE,0
1,hbackesp9@usatoday.com,FALSE,4.35435E+15
2,hbackesp9@usatoday.com,FALSE,3.57511E+15
3,hbackesp9@usatoday.com,FALSE,3.23171E+15
0,pvarleypa@surveymonkey.com,TRUE,0
1,pvarleypa@surveymonkey.com,FALSE,6.89994E+15
2,pvarleypa@surveymonkey.com,FALSE,3.3573E+15
0,sstobbspb@reference.com,TRUE,0
0,kdymokepc@godaddy.com,TRUE,0
0,rwrightimpd@behance.net,TRUE,0
0,bibbesonpe@fda.gov,TRUE,0
0,ptorrentpf@quantcast.com,TRUE,0
1,ptorrentpf@quantcast.com,FALSE,8.98984E+15
0,gmccurtpg@reddit.com,TRUE,0
1,gmccurtpg@reddit.com,FALSE,5.51486E+15
0,lbotleyph@domainmarket.com,TRUE,0
1,lbotleyph@domainmarket.com,FALSE,2.36146E+15
0,bogradypi@jalbum.net,TRUE,0
0,bmatteolipj@ask.com,TRUE,0
0,gcoppinpk@theguardian.com,TRUE,0
1,gcoppinpk@theguardian.com,FALSE,8.2109E+15
0,bfahrenbachpl@washington.edu,TRUE,0
0,cwilcherpm@ox.ac.uk,TRUE,0
1,cwilcherpm@ox.ac.uk,FALSE,6.64518E+15
2,cwilcherpm@ox.ac.uk,FALSE,8.00034E+15
0,jcudworthpn@goo.gl,TRUE,0
0,burlichpo@example.com,TRUE,0
1,burlichpo@example.com,FALSE,3.71395E+15
0,amcgraypp@webeden.co.uk,TRUE,0
0,hrablpq@blogger.com,TRUE,0
0,rgorbellpr@youku.com,TRUE,0
1,rgorbellpr@youku.com,FALSE,4.86416E+15
0,rohoganps@imageshack.us,TRUE,0
1,rohoganps@imageshack.us,FALSE,5.99892E+15
0,rlandypt@xing.com,TRUE,0
0,rmcwhinniepu@dell.com,TRUE,0
1,rmcwhinniepu@dell.com,FALSE,2.64685E+15
2,rmcwhinniepu@dell.com,FALSE,7.23018E+15
0,flipprosepv@furl.net,TRUE,0
0,drayburnpw@netscape.com,TRUE,0
0,awigfallpx@myspace.com,TRUE,0
1,awigfallpx@myspace.com,FALSE,9.03723E+15
0,ktolossipy@trellian.com,TRUE,0
1,ktolossipy@trellian.com,FALSE,7.62407E+15
2,ktolossipy@trellian.com,FALSE,3.40448E+15
0,kemptagepz@yellowbook.com,TRUE,0
0,lgrutq0@guardian.co.uk,TRUE,0
1,lgrutq0@guardian.co.uk,FALSE,6.1538E+15
2,lgrutq0@guardian.co.uk,FALSE,5.50866E+15
3,lgrutq0@guardian.co.uk,FALSE,4.32092E+15
0,clumq1@twitter.com,TRUE,0
0,njerzycowskiq2@topsy.com,TRUE,0
1,njerzycowskiq2@topsy.com,FALSE,7.30288E+15
2,njerzycowskiq2@topsy.com,FALSE,1.24506E+15
3,njerzycowskiq2@topsy.com,FALSE,4.37099E+15
0,twiffenq3@bloomberg.com,TRUE,0
1,twiffenq3@bloomberg.com,FALSE,2.75584E+15
2,twiffenq3@bloomberg.com,FALSE,6.17663E+15
3,twiffenq3@bloomberg.com,FALSE,1.85554E+15
0,anorthidgeq4@yellowpages.com,TRUE,0
1,anorthidgeq4@yellowpages.com,FALSE,3.32425E+15
2,anorthidgeq4@yellowpages.com,FALSE,3.42056E+15
3,anorthidgeq4@yellowpages.com,FALSE,7.07219E+15
0,mcrombieq5@indiegogo.com,TRUE,0
1,mcrombieq5@indiegogo.com,FALSE,3.49275E+15
2,mcrombieq5@indiegogo.com,FALSE,1.72499E+15
0,mkilmasterq6@gravatar.com,TRUE,0
1,mkilmasterq6@gravatar.com,FALSE,5.05151E+15
2,mkilmasterq6@gravatar.com,FALSE,3.05863E+15
3,mkilmasterq6@gravatar.com,FALSE,1.86583E+15
0,rbondesenq7@auda.org.au,TRUE,0
0,cscraggsq8@163.com,TRUE,0
1,cscraggsq8@163.com,FALSE,2.0016E+15
2,cscraggsq8@163.com,FALSE,1.96473E+15
0,mmacdunlevyq9@geocities.jp,TRUE,0
1,mmacdunlevyq9@geocities.jp,FALSE,8.04102E+15
0,nstallebrassqa@ebay.co.uk,TRUE,0
1,nstallebrassqa@ebay.co.uk,FALSE,1.51387E+15
0,dcaddieqb@latimes.com,TRUE,0
1,dcaddieqb@latimes.com,FALSE,7.79842E+15
0,cgierhardqc@reuters.com,TRUE,0
0,ivequaudqd@deviantart.com,TRUE,0
1,ivequaudqd@deviantart.com,FALSE,4.55877E+15
0,mlerohanqe@goo.ne.jp,TRUE,0
1,mlerohanqe@goo.ne.jp,FALSE,5.17745E+15
0,eatcockqf@shutterfly.com,TRUE,0
1,eatcockqf@shutterfly.com,FALSE,7.40205E+15
2,eatcockqf@shutterfly.com,FALSE,2.12194E+15
0,cohanveyqg@istockphoto.com,TRUE,0
1,cohanveyqg@istockphoto.com,FALSE,8.21651E+15
2,cohanveyqg@istockphoto.com,FALSE,9.62507E+15
0,aantoszczykqh@thetimes.co.uk,TRUE,0
0,tdomeniconeqi@redcross.org,TRUE,0
1,tdomeniconeqi@redcross.org,FALSE,1.42374E+15
0,tkennerleyqj@4shared.com,TRUE,0
1,tkennerleyqj@4shared.com,FALSE,5.95255E+15
0,jspikingsqk@webs.com,TRUE,0
1,jspikingsqk@webs.com,FALSE,7.02566E+15
2,jspikingsqk@webs.com,FALSE,2.47662E+15
3,jspikingsqk@webs.com,FALSE,6.97723E+15
0,apostinql@myspace.com,TRUE,0
0,tthackhamqm@flickr.com,TRUE,0
0,jlambrechtsqn@dion.ne.jp,TRUE,0
0,bmacvayqo@seattletimes.com,TRUE,0
1,bmacvayqo@seattletimes.com,FALSE,4.73287E+15
2,bmacvayqo@seattletimes.com,FALSE,6.34074E+15
0,msolomonidesqp@networksolutions.com,TRUE,0
1,msolomonidesqp@networksolutions.com,FALSE,4.22699E+15
2,msolomonidesqp@networksolutions.com,FALSE,7.58434E+15
3,msolomonidesqp@networksolutions.com,FALSE,9.9224E+15
0,hscholtzqq@mapquest.com,TRUE,0
1,hscholtzqq@mapquest.com,FALSE,7.85896E+15
2,hscholtzqq@mapquest.com,FALSE,7.35844E+15
3,hscholtzqq@mapquest.com,FALSE,1.75607E+15
0,bharridgeqr@globo.com,TRUE,0
1,bharridgeqr@globo.com,FALSE,3.7477E+15
2,bharridgeqr@globo.com,FALSE,9.44443E+15
0,atreadawayqs@feedburner.com,TRUE,0
1,atreadawayqs@feedburner.com,FALSE,1.16099E+15
2,atreadawayqs@feedburner.com,FALSE,7.37773E+15
0,bboysqt@samsung.com,TRUE,0
1,bboysqt@samsung.com,FALSE,5.41757E+15
2,bboysqt@samsung.com,FALSE,7.95707E+15
3,bboysqt@samsung.com,FALSE,8.14902E+15
0,rjosequ@cocolog-nifty.com,TRUE,0
0,ypallaskeqv@friendfeed.com,TRUE,0
1,ypallaskeqv@friendfeed.com,FALSE,7.39042E+15
2,ypallaskeqv@friendfeed.com,FALSE,3.63082E+15
3,ypallaskeqv@friendfeed.com,FALSE,3.26549E+15
0,sgyeqw@odnoklassniki.ru,TRUE,0
1,sgyeqw@odnoklassniki.ru,FALSE,7.28899E+15
0,vrewbottomqx@umn.edu,TRUE,0
0,mpoveyqy@indiatimes.com,TRUE,0
1,mpoveyqy@indiatimes.com,FALSE,3.54284E+15
2,mpoveyqy@indiatimes.com,FALSE,1.23148E+15
3,mpoveyqy@indiatimes.com,FALSE,1.82252E+15
0,vskettqz@booking.com,TRUE,0
0,prontschr0@devhub.com,TRUE,0
1,prontschr0@devhub.com,FALSE,8.24621E+15
2,prontschr0@devhub.com,FALSE,7.64987E+15
3,prontschr0@devhub.com,FALSE,8.29024E+15
0,nohernr1@posterous.com,TRUE,0
1,nohernr1@posterous.com,FALSE,6.12794E+15
0,rsnedenr2@naver.com,TRUE,0
1,rsnedenr2@naver.com,FALSE,6.47431E+15
2,rsnedenr2@naver.com,FALSE,7.01009E+15
0,cgerishr3@wp.com,TRUE,0
0,tfetteplacer4@kickstarter.com,TRUE,0
0,kligerr5@weebly.com,TRUE,0
1,kligerr5@weebly.com,FALSE,3.8216E+15
2,kligerr5@weebly.com,FALSE,9.11872E+15
3,kligerr5@weebly.com,FALSE,5.16446E+15
0,amulvihillr6@reuters.com,TRUE,0
0,uosgarr7@ca.gov,TRUE,0
0,satlingr8@tinyurl.com,TRUE,0
1,satlingr8@tinyurl.com,FALSE,6.01562E+15
2,satlingr8@tinyurl.com,FALSE,6.47951E+15
0,wpeponr9@friendfeed.com,TRUE,0
0,dmousdallra@cnn.com,TRUE,0
1,dmousdallra@cnn.com,FALSE,6.72992E+15
2,dmousdallra@cnn.com,FALSE,4.82952E+15
3,dmousdallra@cnn.com,FALSE,5.12678E+15
0,kklimkorb@vimeo.com,TRUE,0
0,lbeamanrc@statcounter.com,TRUE,0
1,lbeamanrc@statcounter.com,FALSE,7.55439E+15
0,chiddyrd@usatoday.com,TRUE,0
1,chiddyrd@usatoday.com,FALSE,4.91772E+15
0,slillore@google.nl,TRUE,0
1,slillore@google.nl,FALSE,9.54909E+15
2,slillore@google.nl,FALSE,2.68104E+15
0,acreenanrf@parallels.com,TRUE,0
1,acreenanrf@parallels.com,FALSE,3.59672E+15
2,acreenanrf@parallels.com,FALSE,5.20486E+15
0,hsokellrg@ibm.com,TRUE,0
0,aduttrh@imgur.com,TRUE,0
0,cadicotri@va.gov,TRUE,0
0,cbeauvaisrj@dion.ne.jp,TRUE,0
1,cbeauvaisrj@dion.ne.jp,FALSE,3.86759E+15
0,lboribalrk@cnn.com,TRUE,0
1,lboribalrk@cnn.com,FALSE,7.64992E+15
2,lboribalrk@cnn.com,FALSE,6.14572E+15
0,yboatrightrl@ox.ac.uk,TRUE,0
0,rwhettonrm@imgur.com,TRUE,0
0,fmansourrn@mail.ru,TRUE,0
0,myongero@engadget.com,TRUE,0
0,twildtrp@exblog.jp,TRUE,0
1,twildtrp@exblog.jp,FALSE,9.49113E+15
2,twildtrp@exblog.jp,FALSE,6.9025E+15
0,hgilhoolyrq@behance.net,TRUE,0
0,gsimionatorr@oracle.com,TRUE,0
1,gsimionatorr@oracle.com,FALSE,5.0389E+15
